GaitCyclePercent,R_Hip Flexion/Extension,L_Hip Flexion/Extension,R_Hip Add/Abduction,L_Hip Add/Abduction,R_Hip Int/External Rotation,L_Hip Int/External Rotation,R_Knee Flx/Extension,L_Knee Flx/Extension,R_Knee Add/Abduction,L_Knee Add/Abduction,R_Knee Int/External Rotation,L_Knee Int/External Rotation,R_Ankle Dorsi/Plantarflexion,L_Ankle Dorsi/Plantarflexion,R_Ankle Inv/Eversion,L_Ankle Inv/Eversion,R_Ankle Add/Abduction,L_Ankle Add/Abduction,R_Foot Angle,L_Foot Angle,R_Shank Angle,L_Shank Angle,R_Thigh Angle,L_Thigh Angle
0.0,0.0,0.0,0.0,0.0,0.0,0.0,1.9638540495299857,4.078174992734496,2.406211760407257,2.7041194292411483,3.6222348978403507,5.800698555871594,3.962292830681793,4.168036853007898,2.9320758029775336,3.350681259404791,4.007914275347948,4.347927861592379,5.121996331709777,4.119711766709641,2.724977538772638,3.1219511746775983,1.4714602517441215,3.5200347204519034
1.0,0.0,0.0,0.0,0.0,0.0,0.0,2.2371581703047085,4.206650540695637,2.414262319062278,2.716691691879714,3.9031323722404845,5.616893647257487,4.023520021474705,4.181711104215809,3.0524866652118203,3.212888559988003,4.023071206542227,4.386361310291158,5.527496836846343,4.381895716815374,2.9086111080606343,2.9447135009026164,1.4670424455133118,3.6101834750327204
2.0,0.0,0.0,0.0,0.0,0.0,0.0,2.530648953692862,4.439556523397334,2.372816020572322,2.7545759532128065,4.026173882011354,5.491984907726904,4.125721724468218,4.212691122194491,3.024671209553064,2.848667853191128,4.038813515776599,4.444291832537547,5.772778197421209,4.663275976095209,3.0271675193977687,2.8249186999314895,1.5130132042470505,3.742488787649402
3.0,0.0,0.0,0.0,0.0,0.0,0.0,2.780909012658842,4.549000450538442,2.2841419844903723,2.826445796765855,3.9020321750831153,5.3905711207340605,4.424571297652035,4.3924146555373405,2.9081630631684803,2.3638894832256843,4.050395721305129,4.5076575752206995,6.062976657791875,4.998678637386197,3.0705622954167864,2.71450434904028,1.6276345670291108,3.899092136832317
4.0,0.0,0.0,0.0,0.0,0.0,0.0,2.9979458011774303,4.503710785911665,2.233633931148668,2.884263517716298,3.683737697497004,5.384539900148764,4.620559686102757,4.7472590809679165,2.758151122026293,2.0828035469052946,3.8440445198553403,4.60568794681103,6.29921940295321,5.351528600755151,3.0571043786611427,2.686034693565845,1.7849037199723434,4.0364514065730255
5.0,0.0,0.0,0.0,0.0,0.0,0.0,3.4273698047639765,4.480650853591539,2.35795443378839,3.0312759000129246,3.620041173134987,5.566068342673105,4.2315449198691,4.802433361104487,2.650132784551892,2.0959709701940055,3.624145013058053,4.743727726441792,6.176090608955377,5.506043314789782,3.118356214510567,2.6690339447400118,2.05004708009045,4.076459728931128
6.0,0.0,0.0,0.0,0.0,0.0,0.0,4.185033727825301,4.6434536968007345,2.5662314097979078,3.2872289455210018,3.4623419132783226,5.752765713165393,3.389560722104178,4.306964948011837,2.5351081496747847,2.112446968094997,3.70894094985938,4.9374702044713406,5.786415382097587,5.259963795426776,3.2513969038506345,2.671112290266115,2.4885154190711964,4.0712675572742745
7.0,0.0,0.0,0.0,0.0,0.0,0.0,5.057477750414238,5.062224899944026,2.6728743012710785,3.443815479309196,3.166622332074953,5.777467733799364,2.7082127540056784,3.5385053180529757,2.3889408565446675,2.007535965271794,3.822834107599278,5.041498140367435,5.441730227532126,4.762790650144228,3.4510898548063027,2.7082439762850146,3.003507277324171,4.193350337024875
8.0,0.0,0.0,0.0,0.0,0.0,0.0,5.765021279291783,5.511591168162277,2.706965888033031,3.459311081272886,2.996981092697612,5.602900503554953,2.321028481408365,2.891072328856832,2.321390699525434,1.8339188662883525,3.972355968408017,5.123941203684213,5.05873228449936,4.251706468959093,3.6166648713278384,2.771481485540408,3.4184088031125093,4.39333836609034
9.0,0.0,0.0,0.0,0.0,0.0,0.0,6.2167326229783715,5.8150618445651086,2.7835635026204253,3.489703198575133,2.9564929876289545,5.4275981567408875,2.154210618982087,2.39604989866799,2.3814022460111097,1.6724936199645286,4.231275052349231,5.250271036704894,4.610747424133519,3.8137506070999105,3.74557824989511,2.7970177441479858,3.678667226506402,4.565746062500732
10.0,0.0,0.0,0.0,0.0,0.0,0.0,6.410087693101337,5.919788159969649,2.844499165407987,3.5509228010869176,3.0345233660076874,5.304683513138568,2.1426227427855595,2.0161974685946946,2.4932348073229265,1.575381432535888,4.51498119874438,5.34381422324604,4.179073200845358,3.468472974933771,3.7955181902045103,2.7875933407551416,3.806704751785422,4.643416058294619
11.0,0.0,0.0,0.0,0.0,0.0,0.0,6.460402488643918,5.872367151806784,2.8312786429141643,3.5772312424857233,3.162534306776134,5.214197477333579,2.1980730913324336,1.764468861577808,2.5919641745448025,1.5355733521601969,4.732243123631684,5.377118499591255,3.766812531622312,3.184370874916463,3.8062470657052465,2.7627596376575045,3.8785956098373284,4.656201761046576
12.0,0.0,0.0,0.0,0.0,0.0,0.0,6.48657867649417,5.796322530960719,2.79388022573702,3.5751061079661395,3.1468998155220307,5.276349989207548,2.2923511468525577,1.5971522959458941,2.678731051014838,1.503402601814214,4.9159635999574425,5.462122737463825,3.3830499207272537,2.9439786578561775,3.812155043305879,2.742799541998856,3.967296838074966,4.67302841726956
13.0,0.0,0.0,0.0,0.0,0.0,0.0,6.508049836040652,5.748993235311432,2.7527550349996996,3.5391329378151917,3.0028174758450903,5.4577458664976195,2.416578438804906,1.4782738992668785,2.7211002226669105,1.4537011652528065,5.16006505413309,5.617329023894208,3.0731950888576267,2.7309558111038976,3.835477051783157,2.732102324088006,4.045967149290454,4.679591734033385
14.0,0.0,0.0,0.0,0.0,0.0,0.0,6.472168865488891,5.726728037509806,2.721624864901817,3.4885649464401762,2.9629073831523933,5.624985929739384,2.5557134886806185,1.4058047685644421,2.69305464502563,1.3923233746505046,5.427163589083074,5.737043273273272,2.835675028647351,2.5544548404837126,3.853810668518544,2.7298534706001694,4.036433174346903,4.667129580058577
15.0,0.0,0.0,0.0,0.0,0.0,0.0,6.417217804021398,5.709926646313796,2.711928219127012,3.4414875378906227,3.091504739285789,5.6587308170728345,2.684345889542911,1.3879140052858625,2.592223209213802,1.322191809851049,5.528732355144986,5.753376440395239,2.6644263844666143,2.416923464456623,3.849642289178003,2.7318834922054576,4.014650597931151,4.627719350304027
16.0,0.0,0.0,0.0,0.0,0.0,0.0,6.370336747379051,5.687642918145967,2.70292675678351,3.406780229534353,3.300853119483751,5.597182536223337,2.7637378225133538,1.4092147470552512,2.472323724087962,1.2671861624135505,5.36698062798076,5.646738606364034,2.5408557132840106,2.322526849811101,3.8062107909800513,2.7180522905127047,3.9745239608086393,4.558658469333306
17.0,0.0,0.0,0.0,0.0,0.0,0.0,6.2933235393443745,5.657043266958778,2.6824676499953797,3.3797608877808867,3.5297053094614266,5.495164526410571,2.7806457006586887,1.4512803993889019,2.3748836751848015,1.2475836678566659,5.008213276829117,5.441074973273118,2.441892664115165,2.2629402967506795,3.7057302977838646,2.6774767897612715,3.8817563706402467,4.487622113054652
18.0,0.0,0.0,0.0,0.0,0.0,0.0,6.20287957228598,5.604687798191203,2.660046937554997,3.3453952098545203,3.7894424906923234,5.387481934451014,2.7840570745334405,1.5175008267227588,2.297240555628012,1.2546796216499476,4.640759558721256,5.21620974485601,2.3533481935379967,2.234233998629452,3.5892594058105765,2.612956579091307,3.7690372434908186,4.409144530086815
19.0,0.0,0.0,0.0,0.0,0.0,0.0,6.082478789433656,5.529001024511677,2.636646756973926,3.2892465643734594,4.033220886308928,5.315423922779424,2.7844702721118564,1.598023592344928,2.2331144005767354,1.28129919010378,4.427406011506981,5.043096007748339,2.2712304387507536,2.2278506740976316,3.4768071360655455,2.5552551249430175,3.6389947282263213,4.333039508967044
20.0,0.0,0.0,0.0,0.0,0.0,0.0,5.908664896004238,5.4372079537841715,2.5918272893942365,3.2137444432524105,4.180053058786764,5.272629075368978,2.7823785550590405,1.6730432571078577,2.178985896218685,1.3191914453674471,4.375082262838714,4.949012731637653,2.2000448912128077,2.2296869504564043,3.3854272054344365,2.511472329107417,3.4812035001138457,4.258217394665038
21.0,0.0,0.0,0.0,0.0,0.0,0.0,5.6927580583860875,5.339089944241599,2.5165100783703105,3.1313964325829744,4.216935829697279,5.23137042250858,2.7835080441440256,1.7432036180483255,2.1346008715707896,1.3641097796854758,4.395679069081268,4.9147322331644085,2.1369970933324627,2.239756074435352,3.319280942744185,2.493794850865946,3.289745219361052,4.176335057911568
22.0,0.0,0.0,0.0,0.0,0.0,0.0,5.464169209306522,5.233578086386518,2.4062383658544455,3.053184208011963,4.153235953417362,5.201107955833583,2.780547187325736,1.8139807688264427,2.100238036546935,1.411021043149037,4.4377535155314405,4.9120055200510615,2.0769538022202,2.2545881798577,3.2731341095671667,2.492781342070862,3.0854185448643303,4.077392782231321
23.0,0.0,0.0,0.0,0.0,0.0,0.0,5.224787686177581,5.1216306024341085,2.2709697474851125,2.9870160241598844,4.005787024821883,5.151503640974537,2.7639447011116283,1.8807012021400602,2.0760047964102917,1.4550677989353005,4.471255085717238,4.918719927047579,2.016322351725446,2.273617742398388,3.2315442642118732,2.4891960583225075,2.8626401056170763,3.9586677570563404
24.0,0.0,0.0,0.0,0.0,0.0,0.0,4.9720907184835665,4.999931385420168,2.1366171385502986,2.9260509447326934,3.8138330888765646,5.024392063791589,2.7370446791855363,1.9420238960082443,2.0583615217287474,1.4936420543015412,4.451373837418097,4.904958367054114,1.9594934478348622,2.294880767402006,3.160080661523562,2.4730427797046177,2.6220886393293488,3.8286316499708426
25.0,0.0,0.0,0.0,0.0,0.0,0.0,4.716040197665164,4.875694374754844,2.0178266995497323,2.8643216808614023,3.612295620012624,4.820017583199653,2.69657138272169,1.9944216497460103,2.0369826705265694,1.5307545457175191,4.373883720689172,4.851146965518104,1.902737461089852,2.315346585985734,3.0594901589114305,2.4452982284739284,2.378784031978765,3.6949090069558443
26.0,0.0,0.0,0.0,0.0,0.0,0.0,4.466585451794957,4.756069577375817,1.9155759726240165,2.803874412244109,3.4696110461286875,4.605557375680193,2.641227544070705,2.03637949157311,2.0069521293778205,1.572148985822857,4.2475219139930305,4.765501089892489,1.8372569351112744,2.331537165681738,2.9391399512534098,2.411185808761885,2.143327553756684,3.5652926351310765
27.0,0.0,0.0,0.0,0.0,0.0,0.0,4.231331709901135,4.644152631076575,1.8267050683394486,2.7447030428834767,3.440738626787355,4.458604939472364,2.5860399614538943,2.074338692950292,1.9763282161510232,1.619306260061846,4.091354346502305,4.659233731648208,1.7695262745813969,2.3467659635586853,2.8215981522723568,2.378031759323234,1.9195263487891514,3.4462448983264515
28.0,0.0,0.0,0.0,0.0,0.0,0.0,4.019612370211214,4.548477787576337,1.7515298873083696,2.6858552898968733,3.4770010247252876,4.406112468957094,2.5460547000323306,2.1113294488642516,1.9527513153560057,1.6698054604681543,3.931679161681718,4.541985864358393,1.7057708760793993,2.3596218340984225,2.7267581772550544,2.359467581530231,1.7171553309436705,3.3383752011574304
29.0,0.0,0.0,0.0,0.0,0.0,0.0,3.8354367597762984,4.47515861994933,1.6961288894991537,2.626794432824384,3.5063095704300458,4.404662972734637,2.5107983586220333,2.1498210792028827,1.933463011762026,1.7236833452528386,3.7967000120944507,4.433201631729001,1.6467642444668567,2.3717387076252643,2.646204460651876,2.352518365325329,1.552280084296504,3.247884803379892
30.0,0.0,0.0,0.0,0.0,0.0,0.0,3.681217174905373,4.423742328304597,1.6690159552248607,2.5701860443332643,3.516767836432245,4.404279392734184,2.473880502802872,2.186174444401647,1.9163034187522519,1.7786392974440386,3.692683827362909,4.355565656130609,1.590942646323641,2.381795594197342,2.5656457518324993,2.350054987276822,1.4316880769216231,3.169742881460855
31.0,0.0,0.0,0.0,0.0,0.0,0.0,3.5693294307422785,4.39210242705992,1.6678372148027165,2.5169518265923894,3.5155853918075692,4.380689168360855,2.4345640197026714,2.2240153823460824,1.9028187808803179,1.836208161183532,3.6100143519261834,4.309181998987143,1.5374264273015135,2.393142474853819,2.4896088002515975,2.3483617940910917,1.3736445255026875,3.101589314536366
32.0,0.0,0.0,0.0,0.0,0.0,0.0,3.5068077426427458,4.37800816785731,1.6791453756188939,2.468898057799715,3.5184410570043205,4.337923228540065,2.3941314002248553,2.265541492822276,1.8889279817296871,1.8967099795517413,3.527426627691897,4.286008476881684,1.488567803722073,2.409049303517319,2.4095707269200535,2.3487464771824853,1.3811418888355003,3.0400382991551833
33.0,0.0,0.0,0.0,0.0,0.0,0.0,3.4964446883291624,4.380321287419342,1.692690330855074,2.424863223226309,3.529245201350339,4.290602610090931,2.354640479645103,2.3036276302759386,1.8747875775702176,1.958978175043053,3.4283175363494425,4.279651502319313,1.445159207988448,2.427240387827868,2.331390644265651,2.351654141075168,1.4604800060252316,2.989680197945386
34.0,0.0,0.0,0.0,0.0,0.0,0.0,3.5388013131155382,4.395829908262979,1.7034889977042125,2.3791269702602778,3.536441160146352,4.257315090267727,2.319108443719415,2.3347403839672487,1.8625077499114806,2.020003408465476,3.3252806139050346,4.285316676030496,1.40475181174174,2.4472739603137144,2.259071012808273,2.3522914345286026,1.6016466223089532,2.9552625072694467
35.0,0.0,0.0,0.0,0.0,0.0,0.0,3.624831944089137,4.428704438657726,1.7059988475856462,2.3406365361378656,3.53237538789292,4.254150754271632,2.290370453518373,2.3596500614745217,1.8513305957545345,2.078543063390923,3.2389009854411,4.299327193551895,1.366459195437692,2.4677300114988423,2.1889948058173894,2.349252729967536,1.7828021765767956,2.935289615538757
36.0,0.0,0.0,0.0,0.0,0.0,0.0,3.738426526968396,4.473481451399865,1.6993839668348658,2.317356436748373,3.5233418475745997,4.292930165304237,2.270429307577928,2.3794636853970785,1.8429322086099087,2.136694118125711,3.177639957254055,4.315953030837264,1.3300963381902602,2.4886557538470355,2.1243834945004143,2.3468356660103638,1.9845565810703154,2.933896002188725
37.0,0.0,0.0,0.0,0.0,0.0,0.0,3.8597432964534253,4.529598964095832,1.6887866239769806,2.3070511768397606,3.526536538245973,4.385381620412706,2.2543277467389573,2.3944173585129858,1.8398098611916809,2.1978667936606286,3.1413984742367225,4.330000029657887,1.2965214919291483,2.5115130876752803,2.06863883308907,2.3500017621425267,2.1850473362451543,2.9468251934307603
38.0,0.0,0.0,0.0,0.0,0.0,0.0,3.9711016040538984,4.593612919669516,1.6779876408879475,2.3022719898837596,3.560688140083361,4.533399542496608,2.2390354747283063,2.405269659574768,1.845928462472801,2.2630980309920794,3.1260754508894606,4.339116168497051,1.2630179125280478,2.5387209530994403,2.010890370418101,2.3518059663021504,2.378502802282115,2.9698248738925144
39.0,0.0,0.0,0.0,0.0,0.0,0.0,4.061938489263646,4.661857194462942,1.6752213555859707,2.296755244077508,3.6294839376411634,4.716425338300927,2.219188233169052,2.411903960989581,1.8623940357779742,2.331715373214064,3.1245561644756576,4.345832883754423,1.2378172267740235,2.5717268132721176,1.9523342679168847,2.3508221327606105,2.541631949031356,3.00087150007568
40.0,0.0,0.0,0.0,0.0,0.0,0.0,4.126034888000228,4.7276472781339045,1.6886805394293578,2.2914976591912253,3.720017372629579,4.907460321395973,2.1940183361826504,2.4156908456870108,1.8876979664203402,2.4024491807173667,3.1305918528641397,4.352491084439349,1.2235255032500705,2.612141451327044,1.8936002010134838,2.3453103112982614,2.6772344395108587,3.0346470507299372
41.0,0.0,0.0,0.0,0.0,0.0,0.0,4.158916665296177,4.783797991233273,1.720898250175336,2.2894180871205316,3.8154714665439706,5.084677419199123,2.164979937062121,2.4189361200702577,1.9200276406071357,2.4768522144406333,3.140742419757419,4.360850679142911,1.227404317359718,2.6621590284832797,1.836799680778287,2.3389447591273114,2.7821822068849,3.0685866831082698
42.0,0.0,0.0,0.0,0.0,0.0,0.0,4.162488447697923,4.8231207607073605,1.7697344999259492,2.2933180881054036,3.9052304011315786,5.234902143890064,2.1359490413773217,2.4255582506211084,1.9579699892762288,2.556804435146278,3.1573914290545417,4.3779772479354815,1.2593444146283435,2.725120913890093,1.7857137770294902,2.328141224685577,2.8554094151697456,3.099776692851372
43.0,0.0,0.0,0.0,0.0,0.0,0.0,4.140775318497559,4.841533838040998,1.8324751382041553,2.303965332736609,3.9615808730827364,5.351928407935858,2.1157653264400818,2.442659218126381,1.9986681176504182,2.64052375678984,3.185424850558777,4.408451770487979,1.3340315490443635,2.8061645687440184,1.7470324482338595,2.3198903626281875,2.898596582185391,3.121017261185997
44.0,0.0,0.0,0.0,0.0,0.0,0.0,4.104194570976339,4.841299406565353,1.9038749583669832,2.3209946626772617,3.9631657341317306,5.4330768396410996,2.1124444269777807,2.4782927807509068,2.0423739266491516,2.7242435225569084,3.223144205058871,4.451494120804338,1.4665542756837353,2.9079959038069547,1.7288499465931728,2.3102869453255757,2.9299289865025884,3.1354162052552295
45.0,0.0,0.0,0.0,0.0,0.0,0.0,4.072891489326988,4.8280868986277365,1.9808520870375337,2.3428480641811618,3.9008513119436983,5.47597600899408,2.140239257114604,2.5423264529688687,2.092512994026431,2.8066371645186674,3.264487702506939,4.505220054371266,1.665119414666294,3.0359818971892873,1.7295925664664933,2.3078072091810795,2.962395523874378,3.1449712531809824
46.0,0.0,0.0,0.0,0.0,0.0,0.0,4.060072071572607,4.810158691128731,2.060054654919114,2.3738461924318712,3.780549531123034,5.483655352888727,2.211555972722171,2.6463281707103508,2.15551529973558,2.8878292379646395,3.30413584789877,4.563246997367476,1.9379778071183724,3.1969184198375777,1.7577813955261192,2.3157204623759107,3.0143867964961086,3.150470694493129
47.0,0.0,0.0,0.0,0.0,0.0,0.0,4.071623557342748,4.79097411332335,2.1414620365454917,2.419760746378497,3.62348245797447,5.468302050402744,2.3439259640129655,2.7933872705999896,2.231976485052463,2.9657258230237535,3.3427113766547705,4.623644611614279,2.2846783132025617,3.395459871577051,1.802991592137163,2.335055956118244,3.085178831670073,3.1525605360046085
48.0,0.0,0.0,0.0,0.0,0.0,0.0,4.100555042810091,4.774778641093313,2.2244144148591642,2.4839070199382163,3.467102630342071,5.443334166921791,2.5520640131098604,2.9855679718867916,2.3200668370465785,3.0356956137579973,3.393145984847923,4.689850011548246,2.700003809470918,3.638676491779303,1.86391553508233,2.364299529612556,3.167064899219497,3.149757431363418
49.0,0.0,0.0,0.0,0.0,0.0,0.0,4.1397676744937435,4.763950460454894,2.3043632424998894,2.5583555788419563,3.3407996217772946,5.426021348447695,2.8350598754072274,3.2171897102089706,2.415990560605924,3.0949867955363977,3.472864163546448,4.768152781369286,3.1786122231199636,3.929790010254563,1.9432315447403152,2.406488912102616,3.2470706798024014,3.1418652107422558
50.0,0.0,0.0,0.0,0.0,0.0,0.0,4.184919193553394,4.757425023458306,2.3730958067498715,2.6366603491636313,3.249278659592085,5.425933498754468,3.198956055691843,3.4897974226884654,2.5123380297268345,3.1460392811562214,3.59436569975547,4.86126717619959,3.7115132934123682,4.276955471968183,2.031127645205572,2.462509040931042,3.3210369371662067,3.1267299579669108
51.0,0.0,0.0,0.0,0.0,0.0,0.0,4.242815367540458,4.760197524503911,2.4310761924462563,2.722415428935625,3.1859153639781335,5.433304651560713,3.6383390281769223,3.8179078789660577,2.6076787007708546,3.190421211278115,3.75934725080695,4.96941870641103,4.289620835850614,4.6950055549235685,2.127288442821973,2.541371963680709,3.3932214357660517,3.1043825138072805
52.0,0.0,0.0,0.0,0.0,0.0,0.0,4.325254331368202,4.780196199838964,2.4844067596764914,2.8261757287935945,3.149433715174234,5.438081463919431,4.143398776207289,4.2123867900847785,2.703683569095088,3.2393833920974227,3.958218827909247,5.088285712373407,4.926477859022737,5.2038352898407485,2.2259594142257737,2.6349200695771686,3.4707372015876867,3.0806343706162025
53.0,0.0,0.0,0.0,0.0,0.0,0.0,4.442026228067415,4.825375313430721,2.53914534113171,2.9621105035837263,3.157124562931357,5.4302886407099065,4.7229670859375945,4.692995714724885,2.8022925395398977,3.325701793855571,4.1785441772173995,5.199033187344801,5.627059772572623,5.8172196564573735,2.327696664986566,2.7428504926682216,3.5684367399305637,3.0627279104778484
54.0,0.0,0.0,0.0,0.0,0.0,0.0,4.607540949396368,4.904933678829838,2.6096716398040516,3.130363449839617,3.2265767914617864,5.4143184793307,5.373710167859727,5.268479532181964,2.9080687776075957,3.489313359553559,4.412558646624497,5.271916126013147,6.3860636430404165,6.539723335133176,2.425832742318451,2.8720541218356392,3.709268411753445,3.0575501583707134
55.0,0.0,0.0,0.0,0.0,0.0,0.0,4.828938856023441,5.029912921957913,2.7094468118562616,3.323046257023712,3.367712606169582,5.427194569313859,6.118302404406356,5.9612718987518285,3.0515212545524335,3.7429818001110102,4.661567143128613,5.286952059079775,7.234452941770549,7.384477165503807,2.540271117884525,3.016299640019767,3.893350958782582,3.0654332263020043
56.0,0.0,0.0,0.0,0.0,0.0,0.0,5.114289192794822,5.205271571202213,2.8413817741140233,3.5274279248639533,3.570380352186805,5.52756103857741,6.945986232003417,6.777268612166654,3.261284093805146,4.055001329298748,4.93969492438872,5.270444935564579,8.168576066024428,8.336387967316785,2.669856042554227,3.1686126529692493,4.131031805500698,3.090350251769805
57.0,0.0,0.0,0.0,0.0,0.0,0.0,5.456071084266079,5.424000441335236,3.0001243973453438,3.740659408740678,3.827791765343625,5.734782539563134,7.8333705209261435,7.680271385794562,3.5231398144936206,4.394004792613005,5.264289426148689,5.28087537965831,9.11517336078498,9.346411300771408,2.8091164646863636,3.311966912043091,4.422879468921421,3.143497154725525
58.0,0.0,0.0,0.0,0.0,0.0,0.0,5.802261978712448,5.65626027081612,3.1771461798104856,3.9739580543568365,4.118952927917928,6.001396875113209,8.709540951583408,8.628034856368455,3.766810703047006,4.768302531536241,5.615467295355987,5.326744464653593,9.995650158618886,10.359816887916457,2.9458179470989867,3.41912773811697,4.746708046566472,3.229464402105213
59.0,0.0,0.0,0.0,0.0,0.0,0.0,6.074300132348756,5.853007354388014,3.3905366188076766,4.2576272388963465,4.413507126905802,6.216911407666117,9.426016947299008,9.534367397619883,3.9395906195196186,5.1529787627724435,5.929704091280358,5.327899752473427,10.66013908052013,11.260533519520719,3.0546611720253516,3.4812602971649316,5.042797248478275,3.328365244212256
60.0,0.0,0.0,0.0,0.0,0.0,0.0,6.2223032451379305,5.974888815845467,3.672057784723076,4.601964610735122,4.713426067041704,6.2831045040710345,9.864701314024241,10.290876382226175,4.07325411155233,5.470899816415081,6.131623901774203,5.197608231100044,10.995346622451132,11.995360878103288,3.152235658202448,3.495191783957036,5.2575871972410395,3.404862116782559
61.0,0.0,0.0,0.0,0.0,0.0,0.0,6.2422986411447265,6.0105091189044,4.031752936447869,4.988185037930665,5.070658939252867,6.190678962855812,9.986132901860033,10.823852173225374,4.1778509061617,5.715770964984019,6.207297541834478,4.9582180995873255,10.986628134605507,12.468454901442396,3.2373201936604037,3.4708224152916656,5.382998456680031,3.4356225961246287
62.0,0.0,0.0,0.0,0.0,0.0,0.0,6.166955177729742,5.9754826768908345,4.438624534537903,5.385341947846532,5.40730322627521,5.988983256659703,9.77652249256744,11.071964750808188,4.227186294372732,5.9801738880320405,6.252268175653399,4.720116118645116,10.667890384442323,12.627903044433884,3.29900961036035,3.4165975114932547,5.4266107263295105,3.4316522268468015
63.0,0.0,0.0,0.0,0.0,0.0,0.0,6.010193795487204,5.899708058245801,4.834880350099854,5.779319933746755,5.5584604879178325,5.726845160989871,9.202924948714255,11.061661000381092,4.306349318623699,6.342636905157576,6.364423959823238,4.60410590500556,10.079722373666938,12.535121777252913,3.2752776692110213,3.3424926168383116,5.431099857393115,3.4100356947950323
64.0,0.0,0.0,0.0,0.0,0.0,0.0,5.752923144325139,5.78582404443853,5.180161665778123,6.149956078648209,5.449020351655606,5.476476384503846,8.317593408967987,10.773751352672345,4.575174323868516,6.7023727740926065,6.516285030872939,4.650240065830932,9.242053761683517,12.10286152972412,3.174102020692915,3.2298786625900675,5.388918053318764,3.3932837806107563
65.0,0.0,0.0,0.0,0.0,0.0,0.0,5.43120155995818,5.633501267469122,5.438014947934405,6.440913755921267,5.079366675771056,5.295364569172094,7.37093796007916,10.156534218562687,4.968187492842957,6.8975147220409365,6.6505976928589465,4.738373085064096,8.244321347511915,11.263328894449765,3.073354518820409,3.0715906030765727,5.292607997226314,3.3812762792837447
66.0,0.0,0.0,0.0,0.0,0.0,0.0,5.086256863301854,5.466620765971249,5.555389513942851,6.633115628544321,4.6095743313767095,5.213187124905849,6.571410539115435,9.30140912407766,5.212640450453756,6.931338842804074,6.7729562099128655,4.733735490877167,7.282631537412514,10.042455532228825,3.026001372667571,2.9260250529190817,5.14258201434433,3.37488425796276
67.0,0.0,0.0,0.0,0.0,0.0,0.0,4.665791886447582,5.289139981327662,5.509351599145523,6.76688964932505,4.298846642093193,5.270037919626552,5.917182554259458,8.517262861278107,5.255705819844343,6.950860568071634,6.848203122404478,4.6251024774633045,6.422638803002978,8.805439000018893,3.020695758643464,2.800193665746435,4.9412773213110155,3.3582404247242894
68.0,0.0,0.0,0.0,0.0,0.0,0.0,4.159052193737826,5.110118501645757,5.386572875535192,6.8796354211621535,4.291426578277185,5.41608693139418,5.557535381884683,8.122885620359444,5.269066069247097,7.0444611870730975,6.872844844825564,4.45561083466942,5.856402548216997,8.00015223087466,3.0441070652620095,2.673432467112348,4.713863469502579,3.333565580396712
69.0,0.0,0.0,0.0,0.0,0.0,0.0,3.6075284817205033,4.924859689412529,5.2650567569194,6.965311115876616,4.490226100415829,5.6134240961436195,5.599040654630003,8.079824565395594,5.308037740505061,7.15174933229752,6.823328561693746,4.188703420955912,5.862198950921406,7.650816031398644,3.1236392708809504,2.543405193369969,4.465127926771089,3.308733373271225
70.0,0.0,0.0,0.0,0.0,0.0,0.0,3.0966828293935347,4.739511424999707,5.17602838923964,6.9955685002824035,4.787440852916738,5.821240352904747,5.827199251665189,8.14874052980492,5.285970692568673,7.17203707865295,6.628581211366446,3.8246470172743647,6.278273170703266,7.567108688939501,3.2300846288617246,2.414186778775794,4.2211211584343005,3.297490324586307
71.0,0.0,0.0,0.0,0.0,0.0,0.0,2.6644316273950905,4.5880460294805685,5.147132332504384,6.960673551051153,5.1581167955800185,5.991884062070966,6.057240211014245,8.203306066571725,5.123948659820803,7.06322234197337,6.297512289029351,3.4144650968539856,6.878416740130533,7.564565063129713,3.35642390018839,2.3395254948812334,3.961845061148432,3.292275917015434
72.0,0.0,0.0,0.0,0.0,0.0,0.0,2.338057209540288,4.4872884435538,5.16926398435942,6.871961778587448,5.5856218022808966,6.148826113772902,6.204912298439041,8.1531952669061,4.836151767475096,6.895235299498706,5.896689958465823,3.072089485668215,7.477310956980047,7.570757256613691,3.5415740809695198,2.3215460825949914,3.678407470330292,3.3046532512869984
73.0,0.0,0.0,0.0,0.0,0.0,0.0,2.2162664367185627,4.449021386889277,5.214902597002907,6.749532757599708,6.000838740825048,6.346580619261278,6.278080638096904,7.975296800723291,4.510502190320688,6.734664869704641,5.52856800139848,2.8636954895060187,8.05940617128486,7.562531199207861,3.803786996428064,2.3746819045350382,3.3697426990183152,3.324718802271334
74.0,0.0,0.0,0.0,0.0,0.0,0.0,2.383412043101703,4.514100513359463,5.273012840478822,6.609006910657382,6.351747413159257,6.602582706094555,6.3498070233939234,7.741207236249585,4.225752019165136,6.587006796393054,5.261056412987117,2.794514827735636,8.666911385163592,7.582816703109812,4.1285025470390915,2.515769596551673,3.0508640074504707,3.346070799734529
75.0,0.0,0.0,0.0,0.0,0.0,0.0,2.7911733652853923,4.6827480765107445,5.364560309205328,6.455424917036842,6.631845940505193,6.903278954762497,6.446667865293509,7.502719784979599,3.9977927130007633,6.412191954999573,5.12717160989222,2.853028718618463,9.280867574718547,7.6770024836510755,4.484179811748928,2.719151466537134,2.7254501187267577,3.3813757807517253
76.0,0.0,0.0,0.0,0.0,0.0,0.0,3.3428681194634096,4.94105274990845,5.483650884624975,6.287619842091007,6.8346053580452715,7.204291829606279,6.513584748203134,7.268831703063446,3.8236720902902555,6.189716013937273,5.10741749430064,3.0155175784864903,9.853017706257976,7.815228969747419,4.832761418063372,2.9492409719189303,2.4136979173941806,3.434508316741723
77.0,0.0,0.0,0.0,0.0,0.0,0.0,3.9602666025194355,5.278133413171951,5.606996074648897,6.103580258903328,6.935667874502906,7.439837518697263,6.481712466432816,7.020971049108235,3.703443480932466,5.921179849464009,5.15417025746624,3.235614868783705,10.305096723645908,7.957416364344852,5.185786329859763,3.2020155410240827,2.123077006667934,3.499594717695098
78.0,0.0,0.0,0.0,0.0,0.0,0.0,4.605221588578574,5.679881476818942,5.704243093462276,5.897774351358989,6.924106816537782,7.548324771888754,6.348034448127295,6.756255740984571,3.622911608986456,5.624268798994028,5.208166225329063,3.4339698190497336,10.60444976671441,8.048958988147156,5.535169710950543,3.496548240805423,1.8745801939017177,3.5839437404299446
79.0,0.0,0.0,0.0,0.0,0.0,0.0,5.245003110959582,6.12908305138121,5.747548538819195,5.665480431872979,6.797339694293963,7.495296480349768,6.158609374778229,6.468346280830919,3.5423844779828597,5.305563899715619,5.237024461991459,3.550787319101412,10.800790718572282,8.064072061339115,5.869324368617613,3.807264901534865,1.6868791910124596,3.6864869296026743
80.0,0.0,0.0,0.0,0.0,0.0,0.0,5.848430502118118,6.597481228684142,5.724960522827239,5.407888684009885,6.583671072021309,7.285496712136629,5.9589514145073945,6.168109370272106,3.4305888281730175,4.964271585236944,5.230091738667511,3.5805500892339834,10.902616287951217,8.000841597302196,6.165260096223293,4.1172057082286235,1.5969704599709444,3.8029714568213735
81.0,0.0,0.0,0.0,0.0,0.0,0.0,6.396423590644723,7.050798385277656,5.651150847608778,5.125551583274204,6.358568068233768,6.953171050910756,5.777861979159616,5.860675246693422,3.2801745170528247,4.606511117210718,5.195120247461025,3.573249236065338,10.91427848390504,7.885127938721702,6.414387158467913,4.4157157826684985,1.610068767133769,3.9224007747628167
82.0,0.0,0.0,0.0,0.0,0.0,0.0,6.875396801351396,7.459562875969758,5.547390028566384,4.835595953659201,6.215797280372449,6.5476808837739044,5.631345868736464,5.548594614207873,3.1061882658096778,4.245428407247822,5.1355817772261805,3.5977604502118825,10.86726478615321,7.705671448902584,6.617917970858482,4.693104919473214,1.6972848188991134,4.039823506415991
83.0,0.0,0.0,0.0,0.0,0.0,0.0,7.281442423421579,7.816261361270064,5.42174837207918,4.5561317420053165,6.200590031619379,6.135888710584187,5.502440955648273,5.240040055813815,2.9142070534369937,3.8944359557944446,5.045227254632852,3.709383676164443,10.767425326972413,7.4929248997039615,6.774731078439809,4.950314535115745,1.8348583094664235,4.140428052777676
84.0,0.0,0.0,0.0,0.0,0.0,0.0,7.597683697032394,8.102549589719535,5.267427227692301,4.290977090193285,6.284396997984549,5.794905161760175,5.3714762040521835,4.967621858742498,2.705038388421085,3.562444444349952,4.914138399339752,3.9268148531409715,10.582794091617487,7.247001623712198,6.896915942191419,5.1434071105704255,2.0006343321808533,4.222726097977265
85.0,0.0,0.0,0.0,0.0,0.0,0.0,7.830885375711064,8.30267115512798,5.074807075579893,4.039239395120222,6.36887304015117,5.592640146017033,5.197186261795423,4.7542104872636965,2.486632778082828,3.25275160113672,4.74148170289808,4.236445964151731,10.305281405171394,6.963200062086672,6.932745941282618,5.302438416741302,2.1721434643711888,4.280851460776328
86.0,0.0,0.0,0.0,0.0,0.0,0.0,7.97084874219775,8.388634994267983,4.839885257985747,3.809305504726396,6.36699689287596,5.546705253882986,4.973854300704337,4.611888207740441,2.303129935095998,2.970433558379321,4.550568271855271,4.601886364089934,9.937262382954984,6.6824398045494195,6.886100205222539,5.405733644819154,2.3292141333051655,4.304414056192778
87.0,0.0,0.0,0.0,0.0,0.0,0.0,8.01357487400766,8.361357718886913,4.57071910479637,3.6074978272608536,6.25005013615511,5.615875888624545,4.716493527554163,4.5249802627163,2.195213353260507,2.7159127361767443,4.394634585246369,4.96412922373403,9.465789813191472,6.38027993482022,6.767788031823337,5.450998311435786,2.4593211788740805,4.290011288658354
88.0,0.0,0.0,0.0,0.0,0.0,0.0,7.944687070015574,8.225331747429927,4.277908895331085,3.4287975186501116,6.027493354115346,5.747383080820533,4.44297470318857,4.452664110395785,2.1666209779254286,2.4790395110968086,4.3407345189641715,5.24553284948074,8.91260507383693,6.049750446703388,6.582245924713711,5.445310703220238,2.546594250326311,4.241590070478015
89.0,0.0,0.0,0.0,0.0,0.0,0.0,7.771877630440119,7.996032208111399,3.980562356476597,3.2606003977968365,5.695649572952905,5.891713665914658,4.142288645026723,4.3558163754246015,2.1931308855701506,2.261562897793943,4.382743971610116,5.391487124827698,8.270018208917225,5.69339642477014,6.3215235406787285,5.390103113518096,2.594889975540673,4.167206006152498
90.0,0.0,0.0,0.0,0.0,0.0,0.0,7.4911317341739485,7.683372098870745,3.7093508385627247,3.0981812091250367,5.2317829345204245,6.01235961893484,3.8419086203716293,4.204757570974936,2.2420267207105766,2.0781870902217157,4.411179793974741,5.407702166784816,7.5633861867591445,5.321047878581083,5.998831584698122,5.29765130545777,2.607222365180704,4.08542898818182
91.0,0.0,0.0,0.0,0.0,0.0,0.0,7.11334096300577,7.3128773037895884,3.5047911639928264,2.9525551972722512,4.645972595083852,6.090720370290157,3.5700434211157623,4.031035615311262,2.286049487902632,1.962657896440442,4.320753227418097,5.330052406769165,6.768682008546794,4.950048815827993,5.634698573786405,5.162712792832776,2.5909675937756247,4.001058311326511
92.0,0.0,0.0,0.0,0.0,0.0,0.0,6.636885377396021,6.908654575270274,3.394417924474565,2.8401676722616442,3.978008747223433,6.104734253691036,3.356062077593953,3.890139592293667,2.3158581988042983,1.991652517709898,4.117931780325311,5.206273485912216,5.909563818450643,4.595119817362059,5.242266289676517,5.002466972852897,2.538356730028515,3.9179119810537926
93.0,0.0,0.0,0.0,0.0,0.0,0.0,6.040398407924375,6.490298091257333,3.363884014257677,2.798875650633991,3.3241534984587564,5.991929323591779,3.213594933680925,3.8140172805427257,2.344553605734577,2.177545756917402,3.8911893376885445,5.075257347151793,5.004856183569818,4.303123010641911,4.765251846006995,4.82720578626107,2.439120286066461,3.8336377436315243
94.0,0.0,0.0,0.0,0.0,0.0,0.0,5.257226343389327,6.093494599312794,3.3600239592393857,2.866778838044791,2.820119401134788,5.721813629985296,3.1238012479957376,3.795658976745029,2.401926323012769,2.397165341029439,3.7527112974307753,4.95845688741278,4.133608142920754,4.088923540515603,4.190534991623597,4.650352991809033,2.2794034592896977,3.742805709587799
95.0,0.0,0.0,0.0,0.0,0.0,0.0,4.285744914018604,5.736762144434731,3.3037516079591196,2.9870634808016283,2.5860255355720283,5.4155269047029115,3.0739250946328003,3.805819899282032,2.455096476492426,2.6310297177771034,3.803303102602808,4.863319811659391,3.3818602356633263,3.9316361336548726,3.5557695803649536,4.4707711650896185,2.0769917724518163,3.64627317968273
96.0,0.0,0.0,0.0,0.0,0.0,0.0,3.2040846522164914,5.384262850080422,3.13708669296044,3.0470015944398305,2.552100225869232,5.356964047497329,3.0915998009761028,3.8442171573755224,2.479008037169712,2.9576509234857054,3.9905543093381075,4.75883396833763,2.875471624205098,3.8474936014883503,2.908690553895727,4.263450284454794,1.874977651001665,3.5375314376839104
97.0,0.0,0.0,0.0,0.0,0.0,0.0,2.176416705587168,5.0267787847313254,2.869504033998042,2.989683880524239,2.6022751495105036,5.610924175652306,3.2057530662715,3.907089691670615,2.431049151736118,3.2591860963617783,4.1243121242054785,4.6734280815059375,2.9102832338352442,3.87987809035691,2.4135097516977666,4.0004775507596655,1.7030389487400632,3.424721738349579
98.0,0.0,0.0,0.0,0.0,0.0,0.0,1.5171108149878036,4.71962452079634,2.5879763368234996,2.8536981131670673,2.7838729444689125,5.896263389002181,3.3914241307225796,3.965139225361268,2.3746618334964875,3.3811575258826143,4.118911136102619,4.639791317534355,3.466095493827522,3.981730549030957,2.278374240285368,3.7233667089036655,1.5680734969206327,3.3382204776965114
99.0,0.0,0.0,0.0,0.0,0.0,0.0,1.4970646063881132,4.5247276232872435,2.400914814174121,2.75524697166458,3.0939246117540415,6.004105503429475,3.605134477203643,4.016810980143291,2.428214946410415,3.380128984808934,4.025477822280342,4.588667327588715,4.165810242168103,4.085765895155671,2.4395806531979582,3.4875099967605463,1.4670054890532882,3.2987126654418564
100.0,0.0,0.0,0.0,0.0,0.0,0.0,1.7626141800382902,4.441299616788395,2.3638225719910864,2.7273095406880055,3.4646638372173495,5.955825585578603,3.8117429587877907,4.081814605010029,2.58008616614667,3.3701656284634987,3.9612167752014042,4.52212906389072,4.763586315385777,4.178875545165586,2.6512244442461523,3.3158138035180778,1.4027190450833034,3.3070477319787184
