GaitCyclePercent,R_Pelvic Tilt,L_Pelvic Tilt,R_Pelvic Obliquity,L_Pelvic Obliquity,R_Pelvic Rotation,L_Pelvic Rotation,R_Hip Flexion/Extension,L_Hip Flexion/Extension,R_Hip Add/Abduction,L_Hip Add/Abduction,R_Hip Int/External Rotation,L_Hip Int/External Rotation,R_Knee Flx/Extension,L_Knee Flx/Extension,R_Knee Add/Abduction,L_Knee Add/Abduction,R_Knee Int/External Rotation,L_Knee Int/External Rotation,R_Ankle Dorsi/Plantarflexion,L_Ankle Dorsi/Plantarflexion,R_Ankle Inv/Eversion,L_Ankle Inv/Eversion,R_Ankle Add/Abduction,L_Ankle Add/Abduction,R_Foot DF/Plantarflexion,L_Foot DF/Plantarflexion,R_Foot Inv/Eversion,L_Foot Inv/Eversion,R_Foot Int/External Rotation,L_Foot Int/External Rotation
GaitCyclePercent,RPelvisAngleZ,LPelvisAngleZ,RPelvisAngleX,LPelvisAngleX,RPelvisAngleY,LPelvisAngleY,RHipAngleZ,LHipAngleZ,RHipAngleX,LHipAngleX,RHipAngleY,LHipAngleY,RKneeAngleZ,LKneeAngleZ,RKneeAngleX,LKneeAngleX,RKneeAngleY,LKneeAngleY,RAnkleAngleZ,LAnkleAngleZ,RAnkleAngleX,LAnkleAngleX,RAnkleAngleY,LAnkleAngleY,RFootAngleZ,LFootAngleZ,RFootAngleX,LFootAngleX,RFootAngleY,LFootAngleY
0,11.3829244047619,11.1695021428571,0.38577952,0.9947536,-0.279328019047619,-0.372349242857143,28.5869952380952,27.5455642857143,-0.117041142857143,0.342695261904762,-2.59716414285714,-3.96567257142857,4.75449732142857,3.73771211904762,0.998592890476191,1.44934595238095,-18.4522633333333,-16.6200469047619,0.222877380952381,0.426934476190476,6.97420673809524,4.01371947619048,9.835095,11.2186796904762,15.5466476190476,14.8780028571429,6.69371692857143,4.30430376190476,11.6000633333333,9.41409928571429
1,11.3490970714286,11.09907,0.451090269047619,1.0654399547619,0.0514878809523809,-0.0402206666666666,28.1804833333333,27.1055452380952,0.0283698666666667,0.498201880952381,-2.5798630952381,-3.97424733333333,5.36784552380952,4.34908249047619,0.959885970476191,1.39027703095238,-18.4697245238095,-16.6686902380952,-0.295825357142857,-0.142639398095238,6.44261061904762,3.59168585714286,9.79634238095238,11.2179500238095,13.8032223809524,13.1540719047619,6.60223597619047,4.29598680952381,11.283869047619,9.13091476190476
2,11.3179054857143,11.0328180952381,0.567456771428571,1.18325639285714,0.365530402380952,0.274589111904762,27.6807714285714,26.5725095238095,0.220493792857143,0.696051595238095,-2.49577204761905,-3.91826083333333,5.75336233333333,4.73111507142857,0.916495678571429,1.3386908,-18.615135952381,-16.8561566666667,-1.4629674047619,-1.37961261904762,5.65276521428571,2.9453295952381,9.71363773809524,11.1813819047619,11.4836688095238,10.8568278571429,6.44711469047619,4.26556337857143,11.0350083333333,8.92163664285714
3,11.2903026190476,10.9766083333333,0.752446854761905,1.37239075238095,0.626406280952381,0.537812304761905,27.1410619047619,26.0088071428571,0.459938238095238,0.939713938095238,-2.32726090476191,-3.78566978571429,5.92741152380952,4.92883200476191,0.905502571428571,1.33524341904762,-18.80219,-17.052015,-2.90320192380952,-2.85506054761905,4.72465483809524,2.1714462047619,9.46271269047619,10.9585626190476,9.03518047619047,8.43530904761905,6.21147861904762,4.16842645238095,10.9036571428571,8.81418092857143
4,11.2617870714286,10.92812,1.0062225952381,1.63722633333333,0.804979402380952,0.718652928571429,26.6598214285714,25.5132038095238,0.745487404761905,1.23356251666667,-2.12777698809524,-3.63020890476191,6.21100904761905,5.2653188452381,0.975857904761904,1.41930045714286,-18.7538811904762,-16.9772028571429,-3.97184773809524,-3.90351126190476,3.71196397619048,1.31963391904762,8.93911928571429,10.4419504761905,6.85963880952381,6.30351880952381,5.76316830952381,3.86300261904762,10.8176523809524,8.74082697619048
5,11.2282635714286,10.8800202380952,1.31073425952381,1.95939382380952,0.891822573809524,0.804313642857143,26.3063714285714,25.1427697619048,1.07932423571429,1.58457995238095,-1.98301488095238,-3.53223252142857,6.8442280952381,5.9432015952381,1.13790954547619,1.58644175714286,-18.2906673809524,-16.50348,-4.34653154761905,-4.23007002380952,2.65953514285714,0.420742545238095,8.18938523809524,9.709075,5.11533238095238,4.62476880952381,5.06624207142857,3.30868276190476,10.6797411904762,8.62662252380952
6,11.1891073809524,10.8250119761905,1.63508540476191,2.30392701190476,0.899116442857143,0.805895678571429,26.0563833333333,24.8548866666667,1.45788371190476,1.98851326190476,-1.93391783333333,-3.52600343571428,7.77160476190476,6.86592833333333,1.34520387857143,1.78434742857143,-17.5211942857143,-15.7807516666667,-4.08982905476191,-3.94140557142857,1.68292647619048,-0.438695104761905,7.38629380952381,8.97249095238095,3.83565119047619,3.41397578571429,4.26165395238095,2.6311642,10.4788404761905,8.45975352380952
7,11.1436279285714,10.7572713571429,1.94682521904762,2.62963976904762,0.856561547619047,0.756534745238095,25.807800952381,24.535565,1.86471819047619,2.42106599047619,-1.95580211904762,-3.57842628571429,8.76174428571429,7.78817847619048,1.53678790476191,1.95825379095238,-16.724820952381,-15.0777707142857,-3.44385107142857,-3.29313654761905,0.885160571428572,-1.16435507380952,6.70514834761905,8.40409952380952,2.9664230952381,2.60359066666667,3.52796832619048,1.99482942857143,10.2730352380952,8.28368661904762
8,11.0899542142857,10.6751587142857,2.21862576190476,2.90163307142857,0.803549102380953,0.701241176190476,25.446065,24.0783071428571,2.26992283333333,2.84449352380952,-1.99629935714286,-3.63761014285714,9.59101483333334,8.50600292857143,1.68033788095238,2.08395407142857,-16.1311483333333,-14.5673902380952,-2.64293460714286,-2.50499482142857,0.285283447619048,-1.71756205238095,6.25014473809524,8.0493570952381,2.39590380952381,2.08305628809524,2.95109685714286,1.49054595238095,10.1003954761905,8.13713585714286
9,11.0276687142857,10.583585,2.4310865,3.09917583333333,0.778680561904762,0.681070657142857,24.9023423809524,23.4377883333333,2.64217709523809,3.22090663095238,-2.02442586904762,-3.67971497619048,10.1274553333333,8.92966754761905,1.77481016666667,2.16626368333333,-15.8116566666667,-14.2707192857143,-1.83239738095238,-1.70788927619048,-0.160335421428571,-2.12519366666667,6.03110464285714,7.86684335714286,2.014215,1.74489558333333,2.5227555,1.12006316666667,9.96182095238095,8.02415195238095
10,10.9601762380952,10.4915771904762,2.57599607142857,3.2199593547619,0.809652119047619,0.721702280952381,24.1693314285714,22.6324119047619,2.95518009761905,3.52578542857143,-2.04293323809524,-3.7164885952381,10.3467040952381,9.0653689,1.83589383333333,2.22192657142857,-15.7197647619048,-14.1362592619048,-1.0761004952381,-0.962168357142858,-0.5091415,-2.44135336904762,5.98827204761905,7.80077173809524,1.7429403547619,1.51079468571429,2.19974854761905,0.843606404761905,9.84957214285714,7.93541885714286
11,10.8949519047619,10.4070623095238,2.66061133333333,3.2784974,0.907922123809524,0.830590457142857,23.3001752380952,21.7180480952381,3.20273314047619,3.7554976047619,-2.0771314047619,-3.77644216666667,10.3097217857143,8.97413659523809,1.87947627142857,2.26649425,-15.7667195238095,-14.115961,-0.388380666666667,-0.285510548095238,-0.804344495238095,-2.70834783333333,6.04940198809524,7.81949214285714,1.53622539047619,1.33418175952381,1.94399943333333,0.625570614761905,9.76138333333333,7.86806928571429
12,10.8322697619048,10.3343633738095,2.6960075952381,3.29984752380952,1.07103793571429,1.00137646190476,22.3520530952381,20.7587754761905,3.3863449547619,3.92574188095238,-2.15432808571429,-3.88380161904762,10.0964173809524,8.73634314285714,1.91658458095238,2.31060161904762,-15.8824069047619,-14.1769682857143,0.237983507142857,0.327701238095238,-1.06955578571429,-2.94838530952381,6.1671615952381,7.91038523809524,1.37007015238095,1.19076773809524,1.73184844047619,0.445822854523809,9.69636285714286,7.82024247619048
13,10.7751576190476,10.2741906285714,2.7066570952381,3.31018780952381,1.28504806190476,1.21903583333333,21.3845035714286,19.8066119285714,3.5262577952381,4.06136406904762,-2.29013866666667,-4.04756173809524,9.78883404761905,8.42656510333334,1.95391884047619,2.36058399761905,-16.0150780952381,-14.2815736190476,0.816635452380952,0.892908880952381,-1.31222388095238,-3.16944245238095,6.30929464285714,8.0532439047619,1.23205957142857,1.06916335952381,1.55266713095238,0.295285069904762,9.65089309523809,7.7861969
14,10.7211585714286,10.2247365,2.71235933333333,3.32758302380952,1.53181843571429,1.46401573809524,20.4353478571429,18.8925277190476,3.64057214047619,4.18341548571428,-2.47986638095238,-4.25770672857143,9.45210380952381,8.09971393952381,1.99784864523809,2.41961435714286,-16.1177857142857,-14.3787410714286,1.36386533571429,1.42645973809524,-1.52963471428571,-3.37208642857143,6.43843304761905,8.2043375,1.11549898809524,0.964222547619047,1.40409486904762,0.170144288095238,9.61863357142857,7.75963433095238
15,10.6707054761905,10.181702,2.73173841666667,3.359228,1.79191359285714,1.71780049047619,19.530265952381,18.0260884761905,3.74929809761905,4.30336121428571,-2.70341011904762,-4.48918984523809,9.13305428571428,7.78917592857143,2.05296462857143,2.48890423809524,-16.1481009523809,-14.4154496666667,1.89483245238095,1.94155816666667,-1.71703282880952,-3.5540435952381,6.51062388095238,8.30524380952381,1.01599705,0.873003392857143,1.28534541904762,0.0680146619047619,9.59216523809524,7.73568308571429
16,10.621374047619,10.1384291428571,2.77009990714286,3.40184473809524,2.04875114047619,1.96695723809524,18.6771126190476,17.2005352380952,3.86234798095238,4.42267468571429,-2.93594504761905,-4.71252977380952,8.85702121428572,7.51002781190476,2.12068636666667,2.56770766666667,-16.0753380952381,-14.3573778571429,2.41871503333333,2.44672602380952,-1.87278525,-3.7123679047619,6.4897525,8.30838177857143,0.929624559523809,0.793274509761905,1.19408939047619,-0.0135419904761906,9.56602547619048,7.71185214761905
17,10.5707821428571,10.0880506428571,2.82017595238095,3.44379180952381,2.29025046428571,2.20283952380952,17.8697312142857,16.4025428571429,3.97932678571429,4.53574147380952,-3.15103976190476,-4.90921533333333,8.62675497619048,7.26417652380952,2.19875802380952,2.65114211904762,-15.9017,-14.2018065238095,2.93741394761905,2.94449470952381,-1.99961296428571,-3.8447539047619,6.36714490476191,8.20327821428571,0.852692333333333,0.722229814285714,1.1254840452381,-0.0774059285714286,9.53833047619048,7.68854161904762
18,10.5165517619048,10.0271306666667,2.86497326190476,3.46816688095238,2.50903615476191,2.41940652380952,17.0921136904762,15.6203473809524,4.09064780952381,4.63274078809524,-3.32677059761905,-5.07245670238095,8.42663080952381,7.04417914285714,2.28035759523809,2.73034107142857,-15.6709521428571,-13.9827722619048,3.44693241666667,3.43270721428571,-2.1029279047619,-3.95049866666667,6.17394435714286,8.02479033333333,0.782021729047619,0.656735809523809,1.07222647142857,-0.127315607142857,9.5110469047619,7.66736504761905
19,10.4560594047619,9.95752776190476,2.88441528571429,3.45724487857143,2.70219156904762,2.61199571428571,16.3256861428571,14.8470902380952,4.18304533333333,4.70252963333333,-3.45768763095238,-5.204579,8.2348259047619,6.83738390238095,2.35416376190476,2.79513069047619,-15.4416969047619,-13.7529838095238,3.94092295238095,3.90738136666667,-2.18623778571429,-4.02923819047619,5.9654705952381,7.83306340476191,0.714997545238095,0.594614907142857,1.02754766428571,-0.166329530952381,9.48854738095238,7.65021073809524
20,10.3877945952381,9.88430426190476,2.86164638095238,3.39755474285714,2.87003091190476,2.77773208571429,15.5583947857143,14.0800652380952,4.24520954761905,4.73614906904762,-3.55881489761905,-5.3183875,8.03628835714286,6.6308434047619,2.40662438095238,2.83667578571428,-15.2488033095238,-13.5497354761905,4.41432666666667,4.36411341666667,-2.24976683333333,-4.08094221428571,5.78930959523809,7.67937659523809,0.649650652380952,0.53403864047619,0.987313254761905,-0.196549747619048,9.47469785714285,7.63903154761905
21,10.3125936190476,9.81293561904762,2.78632952380952,3.28224821428571,3.01426464928571,2.91544628571429,14.7879576428571,13.3196532857143,4.27021823809524,4.72842088809524,-3.65371582380953,-5.42987463333333,7.82693319047619,6.4160924047619,2.42732062857143,2.84921371428571,-15.093039552381,-13.3821316428571,4.86514002380952,4.79969432619048,-2.29226492857143,-4.10711069047619,5.66694847619048,7.58761514285714,0.584632454761905,0.473151604761905,0.950502204761904,-0.220047202380952,9.47047547619048,7.63441680952381
22,10.2335855714286,9.74856014285714,2.65622609761905,3.11231127619048,3.13691626190476,3.02622207142857,14.0188638095238,12.5705162142857,4.25602480952381,4.67914452380952,-3.76490038333333,-5.55391712142857,7.60980302380952,6.19239909523809,2.4131945,2.83043595238095,-14.9495271428571,-13.2363251190476,5.29411119047619,5.21408461904762,-2.31436697619048,-4.11053321428571,5.59316938095238,7.5555559047619,0.519161057142857,0.4110074,0.917510273809524,-0.238910047619048,9.47489714285714,7.63604769047619
23,10.1551244761905,9.69561442857143,2.47653082142857,2.89666828571429,3.23976242857143,3.11316649047619,13.2575726904762,11.8393583333333,4.20501626190476,4.59333726190476,-3.90807019523809,-5.70094545714286,7.38968652380952,5.96420435714286,2.36747087547619,2.78343671428571,-14.7893589761905,-13.0879337380952,5.70359169047619,5.60945207142857,-2.31900042857143,-4.09493923809524,5.55249569047619,7.56256573809524,0.453090466666667,0.34769413,0.887817273809524,-0.254510072619048,9.48589,7.64464681666667
24,10.0818891428571,9.65735602380952,2.2580508047619,2.64888646904762,3.32412983333333,3.17950627047619,12.5073485952381,11.1307261904762,4.12445457142857,4.47908635714286,-4.0845342452381,-5.87184616666667,7.16579327142857,5.73552909285714,2.29742599523809,2.71601575238095,-14.6010018571429,-12.9212372619048,6.09707023809524,5.98868776190476,-2.30732504761905,-4.06294764285714,5.53255826190476,7.58630283333334,0.387726052380952,0.283988597619048,0.861683542857143,-0.266701595238095,9.50233785714286,7.66176038571428
25,10.018567547619,9.63673980952381,2.01453521904762,2.38296930238095,3.39166542857143,3.2277749047619,11.7734495714286,10.4461839119048,4.02006302380952,4.34480921428571,-4.28506905,-6.05568502380952,6.94305775714286,5.5072115952381,2.21374469047619,2.63758058095238,-14.3931188595238,-12.7389233571429,6.47901917238095,6.353506,-2.27839802380952,-4.01496376190476,5.52684785714286,7.613438,0.326023090238095,0.219548771428571,0.840548154761905,-0.273525445238095,9.52412261904762,7.68763290476191
26,9.96986811904762,9.63597923809524,1.75878576666667,2.11092490238095,3.44422561904762,3.26015704047619,11.0524078333333,9.78651252380953,3.90172397619048,4.19834716666667,-4.49880264285714,-6.23835376190476,6.71168526190476,5.27961423809524,2.12392617380952,2.55670934761905,-14.1793455,-12.5521181666667,6.8536129047619,6.7048714452381,-2.23033852595238,-3.95201538095238,5.53455728571429,7.63734038095238,0.271132502380952,0.152831967857143,0.826596064285714,-0.27361705952381,9.55174809523809,7.72185714285714
27,9.94067580952381,9.65608997619048,1.49988654047619,1.84176238095238,3.48336749047619,3.2786350952381,10.3561493333333,9.15290050238095,3.77352659523809,4.04614128571428,-4.70927385714286,-6.40870354761905,6.47979945238095,5.05463217857143,2.03444758452381,2.47994252380952,-13.9845379761905,-12.3740759380952,7.22342164047619,7.04482909523809,-2.16252647619048,-3.87629362619048,5.55903530952381,7.6578039047619,0.223448397619048,0.0828187333333333,0.820726444047619,-0.267280311904762,9.58635547619048,7.76357990476191
28,9.93445764285715,9.69710611904762,1.24370585952381,1.58144225238095,3.51078564285714,3.28554934047619,9.68435330952381,8.54675288095238,3.6394100952381,3.89263302380952,-4.90488345238095,-6.56286328571428,6.24454123571428,4.83544677380952,1.949408,2.41103285714286,-13.8243635714286,-12.2123319285714,7.58854564285714,7.37659,-2.07617594285714,-3.79249256904762,5.60017122857143,7.67622380952381,0.179938078571429,0.00905684285714285,0.823004554761905,-0.258326545238095,9.629445,7.8120435952381
29,9.95183173809524,9.75805240476191,0.995518216666667,1.33334010952381,3.52868012380952,3.28307703571429,9.0388854047619,7.96805561904762,3.50262419761905,3.74061723809524,-5.08274766666667,-6.70115433333333,6.00877761904762,4.62500154761905,1.87206330238095,2.35115818523809,-13.6954126190476,-12.0666490952381,7.94703214285714,7.70306976190476,-1.97462972380952,-3.70671660714286,5.64878214285714,7.69118792857143,0.135759792857143,-0.0692057642857143,0.833157992857143,-0.252235710023809,9.68098380952381,7.86623242857143
30,9.99145571428572,9.8362819047619,0.759355516666667,1.10058364619048,3.53844877142857,3.27244199761905,8.41981692857143,7.41454514285714,3.36596404285714,3.59374566666667,-5.24445788095238,-6.82695714285714,5.77560645238095,4.4253735452381,1.80476133571429,2.29974023333333,-13.5850411904762,-11.9314554285714,8.29573238095238,8.02697976190476,-1.86261592857143,-3.62074461666667,5.69529485714286,7.70079261904762,0.0855235047619048,-0.151537925952381,0.850330654761905,-0.250553600952381,9.73791142857143,7.92442307142857
31,10.0502867142857,9.92813452380952,0.537559940476191,0.886284747619048,3.54042534761905,3.25462311714286,7.82528630952381,6.88167385714286,3.2324129,3.45587538095238,-5.39206978571429,-6.94557664285714,5.54816833333333,4.23692330238095,1.74737613809524,2.25543793809524,-13.4827819047619,-11.8005449047619,8.63063880952381,8.35034119047619,-1.743788,-3.53207873809524,5.73574088095238,7.705018,0.023534369047619,-0.236922830952381,0.873721328571429,-0.251284742857143,9.79573095238095,7.98470966666667
32,10.1241201666667,10.0304762619048,0.332015626190476,0.692040357142857,3.53493541190476,3.23014086904762,7.25056428571429,6.36364002380952,3.10499959523809,3.3294029047619,-5.52843345238095,-7.05853171428572,5.32795152380952,4.05695523333333,1.69861512619048,2.21682428095238,-13.3824128571429,-11.6721645238095,8.95083095238095,8.67243404761905,-1.62384908571429,-3.43566167619048,5.77004240952381,7.70519604761905,-0.0539144923809524,-0.32543394047619,0.89833125,-0.249584902380952,9.8511530952381,8.04537623809524
33,10.2091055476191,10.1411087380952,0.144123428571429,0.518313940476191,3.52147713809524,3.19867705238095,6.68979530952381,5.85476860476191,2.98597519047619,3.21559928571429,-5.65517356190476,-7.16416436190476,5.11393959523809,3.8810361,1.65748302909524,2.18283735714286,-13.2814273809524,-11.5489420952381,9.25860380952381,8.99007476190476,-1.51131276690476,-3.3261512547619,5.79928822071429,7.70461752380953,-0.147879342857143,-0.418200504761905,0.915040719047619,-0.23965224047619,9.90315595238095,8.10512723809524
34,10.3031872619048,10.2593155357143,-0.0260442761904762,0.3647569,3.49804843333333,3.15897219047619,6.13917646428571,5.35140390476191,2.87659787380952,3.11483945238095,-5.7679285,-7.26011348095238,4.90456384285714,3.70545402619048,1.62259665238095,2.15263600952381,-13.1835790476191,-11.4327904761905,9.55943738095238,9.30020285714286,-1.40995785714286,-3.20135469047619,5.8242573452381,7.70573373809524,-0.255052238095238,-0.516944835714286,0.918371130952381,-0.218637878571429,9.95316666666667,8.16317276190476
35,10.405311047619,10.3854287619048,-0.177991369047619,0.230222785714286,3.46299115476191,3.1089800952381,5.5966285952381,4.85207071428571,2.7786700952381,3.02649068404762,-5.86248219047619,-7.34479872380952,4.69928716666667,3.52908908571429,1.59192578095238,2.1254348047619,-13.0905947619048,-11.321344,9.86053119047619,9.60145238095238,-1.31634405714286,-3.06202542857143,5.84155602380953,7.70671,-0.368808883333333,-0.623695209523809,0.909791428571429,-0.186497945238095,10.0046330952381,8.22022569047619
36,10.5143089190476,10.5188192380952,-0.311134761904762,0.113518902380952,3.41486457142857,3.04622214761905,5.06046738333333,4.35550437857143,2.69339979761905,2.94919252380952,-5.93925938095238,-7.4193366,4.49954076190476,3.35317803285714,1.56352733666667,2.10105181904762,-13.0005923809524,-11.2113835714286,10.1672578571429,9.89409714285714,-1.22001367857143,-2.909534,5.84865083333333,7.70684630952381,-0.48327535,-0.7403484,0.8975905,-0.144452304761905,10.0602754761905,8.27786414285714
37,10.6288664761905,10.6574432380952,-0.4259485,0.0138158833333334,3.35158371428571,2.96749011904762,4.52965189285714,3.8604584047619,2.62039153571429,2.88201688095238,-6.00008040952381,-7.48554877142857,4.30844642857143,3.18140017619048,1.53554302142857,2.07889089214286,-12.9129338095238,-11.1022817619048,10.4807445238095,10.1794414285714,-1.10621626190476,-2.74362771190476,5.84741454761905,7.70952623809524,-0.59617835952381,-0.868700842857143,0.894419619047619,-0.0935993723809524,10.1211292857143,8.33720145238095
38,10.7472105238095,10.7980329285714,-0.522767471428571,-0.0688805238095238,3.27127378571429,2.86968213095238,4.00333557619048,3.36624183333333,2.55919604761905,2.8253119047619,-6.04855847619048,-7.54570559047619,4.13012578571429,3.0204290952381,1.5061537047619,2.05757998095238,-12.8249266666667,-10.9948991619048,10.7992121428571,10.4590421428571,-0.962974228571428,-2.56257397619048,5.83995942857143,7.71985880952381,-0.70903880952381,-1.0113058452381,0.910953347619048,-0.034250119047619,10.1875628571429,8.3991174047619
39,10.8663156428571,10.9356038571429,-0.602060814285714,-0.134650523809524,3.1719155952381,2.75043041666667,3.48002092857143,2.87098776190476,2.50946380952381,2.77906064285714,-6.08928161904762,-7.6038409047619,3.96923364285714,2.87841852380952,1.47393813571429,2.03577224761905,-12.7346242857143,-10.8859097857143,11.1188876190476,10.7338842857143,-0.784173759523809,-2.36360302380952,5.83102009523809,7.74028095238096,-0.8269046,-1.17124805952381,0.952935976190476,0.0349282666666666,10.2594057142857,8.46409680952381
40,10.9819435,11.0637181428571,-0.664983061904762,-0.184520261904762,3.05097138095238,2.6077980952381,2.95735726190476,2.37143697619048,2.47034466904762,2.74215428571429,-6.12555657380952,-7.66377428571429,3.83088583333333,2.76381473809524,1.43779625,2.01172684285714,-12.642809047619,-10.7692676190476,11.4355607142857,11.0047319047619,-0.569261204761905,-2.14302504761905,5.82783714285714,7.77027261904762,-0.956983204761905,-1.35147897619048,1.02095438095238,0.116701561904762,10.335565,8.53227523809524
41,11.0888883333333,11.1760308809524,-0.713643314285714,-0.220854476190476,2.90570777380952,2.43999566666667,2.43247192857143,1.86452011904762,2.43991742857143,2.71235171428571,-6.16017508333333,-7.72693564285714,3.72139019047619,2.68530402380952,1.3967609047619,1.98317795952381,-12.5497738095238,-10.6417104047619,11.7469885714286,11.2722626190476,-0.322203479761905,-1.89696761904762,5.83683604761905,7.81006452380952,-1.10661639047619,-1.55524111904762,1.11054719047619,0.213968119047619,10.4148985714286,8.60322014285714
42,11.1814040476191,11.2676552380952,-0.751203571428571,-0.247329071428571,2.73375842857143,2.24614057142857,1.90245819047619,1.34848967095238,2.41465585,2.68571328571429,-6.19643133333333,-7.79106035714286,3.64866780952381,2.65138664285714,1.35000711904762,1.94790364285714,-12.4536754761905,-10.5052499819048,12.0529571428571,11.5363302380952,-0.0453251190476191,-1.62197966666667,5.86133314285714,7.86113642857143,-1.28125450714286,-1.78659473095238,1.21820232619048,0.329041180952381,10.4975811904762,8.67583195238095
43,11.2546204761905,11.3362113095238,-0.781013476190476,-0.267378392857143,2.53401002142857,2.02753011904762,1.36587284523809,0.824017642857143,2.39021341119048,2.65742228571429,-6.23684207142857,-7.85178080952381,3.62202961904762,2.66992419047619,1.29635293333333,1.90399654285714,-12.3507033333333,-10.3647317857143,12.3543121428571,11.7952507142857,0.263200023809524,-1.31486209523809,5.89991238095238,7.92373238095238,-1.48433314285714,-2.05064491666667,1.34432431666667,0.464275945238095,10.5844321428571,8.74854783333333
44,11.3055619047619,11.3824691428571,-0.806125928571429,-0.283259723809524,2.30704804761905,1.7878120452381,0.823815571428571,0.294760123809524,2.36247875714286,2.62273711047619,-6.28254671428571,-7.90589397619047,3.65146352380953,2.74762592857143,1.2337085952381,1.8501533,-12.2365900238095,-10.2238432166667,12.651230952381,12.0451392857143,0.607315333333333,-0.972275988095238,5.94876095238095,7.99608,-1.71951774047619,-2.35336043571429,1.49157478333333,0.622946597619047,10.6751035714286,8.81932442857143
45,11.3338833333333,11.4094446904762,-0.828815190476191,-0.296812457142857,2.05527766666667,1.53139796904762,0.279849142857143,-0.233818261904762,2.32786316666667,2.57720137380952,-6.33284978571429,-7.95255471428571,3.74547619047619,2.88986816666667,1.16007528095238,1.78486741190476,-12.1086336190476,-10.0840437380952,12.9420547619048,12.2814166666667,0.990419023809524,-0.590660714285714,6.00314545238095,8.07595714285714,-1.99187514285714,-2.70073676190476,1.66336532857143,0.808482254761905,10.7681885714286,8.88584169047619
46,11.3357214285714,11.4212121666667,-0.858665092857143,-0.310282147619048,1.78279423809524,1.26217138285714,-0.268643714285714,-0.755713928571429,2.27373633333333,2.51669911904762,-6.38951523809524,-7.99328283333334,3.90876959285714,3.10082376666667,1.07543957857143,1.70586523333333,-11.9652182380952,-9.94369476190476,13.223350952381,12.499255,1.41402128809524,-0.166596111904762,6.06138633333333,8.16150214285714,-2.30764022619048,-3.09888279047619,1.86156074214286,1.02432310714286,10.8615773809524,8.94527433333333
47,11.3235435714286,11.4213354285714,-0.884145614285714,-0.326778316666667,1.49308966666667,0.983146571428572,-0.806681904761905,-1.2661235,2.20917113809524,2.43665418095238,-6.444382,-8.03349554523809,4.1455450952381,3.3829930952381,0.978789980952381,1.61143352619048,-11.8181402857143,-9.79669364285714,13.48941,12.6915078571429,1.87899604761905,0.302257857142857,6.12569892857143,8.25176333333333,-2.6742175952381,-3.5554854047619,2.08754250714286,1.27426638095238,10.9520673809524,8.99454764285714
48,11.2915580952381,11.4123693095238,-0.917318476190476,-0.351204928571429,1.1907552547619,0.696355071428571,-1.34152311904762,-1.76202135714286,2.11893601759762,2.33092678571429,-6.50356764285714,-8.07867577142857,4.45657342857143,3.73691014285714,0.870015738095238,1.50037033809524,-11.6667852261905,-9.64098042857143,13.7317945238095,12.8472719047619,2.38937795238095,0.818525364285714,6.20071595238095,8.35033119047619,-3.10051814285714,-4.08064632380952,2.34588804761905,1.56252811904762,11.0364045238095,9.03120264285715
49,11.2488085714286,11.3960726904762,-0.953253761904762,-0.391872785714286,0.878792054761905,0.403859310714286,-1.86294557142857,-2.24079911904762,2.00692500952381,2.19119872857143,-6.56443659761905,-8.12842878571429,4.84485080952381,4.1624334047619,0.746125145238095,1.37012451190476,-11.5219433095238,-9.48616714285714,13.9392711904762,12.9506535714286,2.94964123809524,1.38515965952381,6.29404695238095,8.46647571428571,-3.59793904761905,-4.68840204761905,2.64112237380952,1.89334121619048,11.1111838095238,9.05252595238095
50,11.1947226190476,11.3739494761905,-1.00378472619048,-0.460178477142857,0.563543785714286,0.11172044047619,-2.36976088095238,-2.69765901190476,1.86034273333333,2.00739933333333,-6.6306955,-8.17895802380952,5.3138941952381,4.66236752380952,0.604386802380952,1.21684020238095,-11.3897170285714,-9.34714993571428,14.0965311904762,12.9812383333333,3.56389311904762,2.00321240238095,6.41422847619047,8.60790192857143,-4.18156833333333,-5.39847878571428,2.97834316666667,2.27067497619048,11.1713938095238,9.05531969047619
51,11.1328307142857,11.3477892452381,-1.08064761904762,-0.56836409047619,0.253718761904762,-0.167577880952381,-2.85247685714286,-3.12328345238095,1.6688375,1.76942028952381,-6.69867745238095,-8.22526426190476,5.87184854761905,5.24591883333333,0.441083223809524,1.03684631190476,-11.2836012557143,-9.24279103333333,14.1822497619048,12.9161364285714,4.23412188095238,2.67159440238095,6.56862521428572,8.77880976190476,-4.87307571428571,-6.23577880952381,3.36393180952381,2.69905109523809,11.2108245238095,9.03653323809524
52,11.0677073809524,11.3190249,-1.19688981238095,-0.72584774047619,-0.0370722619047618,-0.416074176190476,-3.29583638095238,-3.50424495238095,1.421734,1.46981073571429,-6.76214495238095,-8.2644014047619,6.53332816666666,5.93000692619048,0.253973842857143,0.829338961904762,-11.2192542119048,-9.19492350952381,14.1695395238095,12.7323466666667,4.95984951904762,3.38709859523809,6.75936266666667,8.98315714285714,-5.70150666666667,-7.22802142857143,3.8070285,3.18405142857143,11.223789047619,8.99367011904762
53,11.0042169047619,11.2886610238095,-1.36257152142857,-0.935466880952381,-0.291106938809524,-0.615079764285714,-3.67883652380952,-3.82341263285714,1.11184209523809,1.10632202380952,-6.81725536904762,-8.29902971428571,7.32168914285714,6.73976809523809,0.0435409809523809,0.598485316666667,-11.2113984619048,-9.22277368095239,14.0312078571429,12.4092278571429,5.73677142857143,4.14045254761905,6.98310778571429,9.22635852380953,-6.70045761904762,-8.40462238095238,4.31681202380952,3.72837095238095,11.2084262857143,8.92655971428572
54,10.945485,11.2572941666667,-1.58052607619048,-1.19034811666667,-0.491723619047619,-0.75207877547619,-3.97721120952381,-4.06048266666667,0.73816199047619,0.683947767857143,-6.86527974047619,-8.33625487380952,8.26899359523809,7.70718928571429,-0.185678735714286,0.353775166666667,-11.2757938071429,-9.34110743095238,13.744189047619,11.9298547619048,6.55576635714286,4.91238097619048,7.24193442857143,9.5197485952381,-7.90387238095238,-9.79563571428571,4.89813761904762,4.32653925,11.1662105714286,8.83708759523809
55,10.8907011904762,11.2249152619048,-1.84321814047619,-1.47366088333333,-0.628906833333333,-0.826293280952381,-4.16756355714286,-4.19291326190476,0.306360973809524,0.214433071428571,-6.91268035714286,-8.38341379761905,9.41250278571428,8.86786069047619,-0.424482988095238,0.108488357142857,-11.4275161928571,-9.56176552380952,13.2856533333333,11.2800419047619,7.40282994285714,5.67709645238095,7.55250826190476,9.88419469047619,-9.34603452380953,-11.4295795238095,5.55077428571428,4.9672690952381,11.0981961428571,8.72878773809524
56,10.8355116666667,11.189949,-2.13262742857143,-1.7620454047619,-0.703882854761905,-0.850668111904762,-4.22830282857143,-4.19811754285714,-0.171620321428571,-0.286306207142857,-6.96684702380952,-8.44241414761905,10.7910185690476,10.2576188571429,-0.660154073809524,-0.123465738095238,-11.6748862857143,-9.89245983333334,12.6308880952381,10.4451366666667,8.25082323809524,6.40003127380952,7.94095357142857,10.3448548809524,-11.064100952381,-13.3354485714286,6.26431880952381,5.63329016666667,11.004574,8.60646938095238
57,10.7749867142857,11.1521088809524,-2.42360286142857,-2.03433030952381,-0.731141342857143,-0.848541514285714,-4.1376965,-4.05065585714286,-0.680119261904762,-0.805285233333333,-7.02898364285714,-8.50415536666667,12.4412447619048,11.910286547619,-0.877420992857143,-0.328688202380952,-12.0181431190476,-10.3371683333333,11.7565316666667,9.41008261904762,9.04797676190476,7.033989,8.43255028809524,10.9201795261905,-13.0979471428571,-15.5429942857143,7.00962071428571,6.30007166666667,10.8867598571429,8.47766128571429
58,10.7067147142857,11.1047535238095,-2.68925779047619,-2.26513823809524,-0.734539166666667,-0.849575057142857,-3.872989,-3.73250080952381,-1.20231366190476,-1.32241823809524,-7.09128088095238,-8.55945780238095,14.3926645238095,13.8523360952381,-1.06086586666667,-0.501013835714286,-12.4539307857143,-10.8867683809524,10.644374047619,8.16248711904762,9.71610985714286,7.52143480952381,9.04420473809524,11.6159869047619,-15.4872376190476,-18.0797002380952,7.73649666666667,6.93737119047619,10.7489970952381,8.35170828571429
59,10.6309167619048,11.048986047619,-2.90755631428571,-2.44418416666667,-0.740060366666667,-0.879562692857143,-3.41365943095238,-3.2219912547619,-1.72291459047619,-1.8300943047619,-7.14065919047619,-8.59034388095238,16.6610030952381,16.099065952381,-1.19734782023809,-0.636531811904762,-12.9785677857143,-11.5317750476191,9.28290714285714,6.6992030952381,10.1661697619048,7.79895973809524,9.78059661904762,12.424711547619,-18.2656783333333,-20.9649357142857,8.38710690476191,7.50856333333333,10.5986251666667,8.2335259047619
60,10.5505337619048,10.9863401190476,-3.06668092619048,-2.56829947619048,-0.769917771428572,-0.955967783333333,-2.74479146428571,-2.5058729047619,-2.23139835714286,-2.32114369047619,-7.15993380952381,-8.58207792857143,19.2436261904762,18.6485247619048,-1.27795461190476,-0.740088947619048,-13.5889316666667,-12.2465688690476,7.6750139452381,5.03520559404762,10.3150771428571,7.80607404761905,10.6295625952381,13.3193233333333,-21.449980952381,-24.2002190476191,8.90619285714286,7.97182285714286,10.4447674047619,8.11923607142857
61,10.4712886904762,10.9194588809524,-3.1681275,-2.64377588095238,-0.839604230952381,-1.08457846190476,-1.8583385,-1.5808465,-2.72456841666667,-2.79102089523809,-7.13218857142857,-8.52508980952381,22.1192269047619,21.4810188095238,-1.30080577142857,-0.824082407142857,-14.2718643809524,-12.9856404047619,5.84934103571428,3.21249228095238,10.0993992857143,7.49942345238095,11.5562466190476,14.2463614047619,-25.025869047619,-27.7569571428571,9.24607333333334,8.28547952380952,10.294894047619,7.99944704761905
62,10.3992615952381,10.850044047619,-3.2251160952381,-2.68346073809524,-0.956579423809524,-1.26072072619048,-0.756393785714286,-0.456043047619048,-3.20495187380952,-3.23715307142857,-7.04638695238095,-8.41926881428572,25.2495380952381,24.5613190476191,-1.2728643547619,-0.905738785714286,-14.9903753333333,-13.6834218809524,3.86964514285714,1.30800135714286,9.49740930952381,6.86958607142857,12.4967827619048,15.1242073095238,-28.931330952381,-31.5621952380952,9.37909761904762,8.4164619047619,10.1550876190476,7.86983042166667
63,10.33734485,10.7824764285714,-3.25601988095238,-2.70713714285714,-1.11912702380952,-1.47192037261905,0.54505319047619,0.851594428571428,-3.67426885714286,-3.66310564285714,-6.90293957142857,-8.26633452380952,28.5805785714286,27.8402119047619,-1.20978216666667,-0.996831175952381,-15.6735077142857,-14.2744407857143,1.84009744761905,-0.565433511904762,8.54997552380952,5.9554165,13.3490323809524,15.853735,-33.040430952381,-35.4857619047619,9.31027,8.35081119047619,10.0402983333333,7.74504802619048
64,10.284650447619,10.718781547619,-3.27798585714286,-2.73034316666667,-1.31854055714286,-1.70346399047619,2.01665328571429,2.31434857142857,-4.12914888095238,-4.06823971428571,-6.71209561904762,-8.07323168809524,32.0447476190476,31.2531476190476,-1.13203944285714,-1.10352974761905,-16.2300658333333,-14.7071042857143,-0.0982059047619049,-2.27063373809524,7.37161102380952,4.85524269047619,13.9822842857143,16.3329826190476,-37.1558976190476,-39.337319047619,9.08294571428571,8.10971573809524,9.985905,7.66938071428571
65,10.2376516190476,10.6588872142857,-3.3030324047619,-2.76195619761905,-1.54262466666667,-1.94177357619048,3.61896415142857,3.89617095238095,-4.56052243380952,-4.44678261904762,-6.48769797619048,-7.84775826666667,35.5633380952381,34.7182476190476,-1.05854762380952,-1.22300258095238,-16.5886952380952,-14.96368,-1.78296237142857,-3.667877,6.13563187380952,3.71181288571429,14.2776221428571,16.4809766666667,-41.0241619047619,-42.8860452380952,8.76969335714285,7.74902523809524,10.0469668571429,7.71135359523809
66,10.1914389761905,10.6009865714286,-3.33512530952381,-2.80226397619048,-1.77810257142857,-2.17569573809524,5.30825895238095,5.55735280952381,-4.95337373809524,-4.78682726190476,-6.24563185714286,-7.59925030952381,39.0479428571429,38.1392452380952,-1.00303285285714,-1.34535542857143,-16.7377368571429,-15.0683135714286,-3.06538502380952,-4.64251222619048,5.025215,2.67610490238095,14.1770090476191,16.2655014285714,-44.3841214285714,-45.9010261904762,8.44931911904762,7.341745,10.284915952381,7.94092288095238
67,10.1406688333333,10.5423204285714,-3.36962202380952,-2.84252311904762,-2.01251774047619,-2.39643907380952,7.04236661904762,7.25939171428571,-5.28866638095238,-5.07116133333333,-6.00183180952381,-7.33785640476191,42.4021047619048,41.415269047619,-0.972021714285714,-1.45672261904762,-16.740327952381,-15.0827330952381,-3.8513979047619,-5.12888367857143,4.16411766666667,1.86821507142857,13.7100866666667,15.7183090476191,-47.030630952381,-48.19935,8.17168123809524,6.95518071428571,10.7488064285714,8.40419557142857
68,10.0816781190476,10.4803776428571,-3.39544554761905,-2.86783559523809,-2.2358275,-2.59804086666667,8.7866172847619,8.96889930952381,-5.54768319047619,-5.28096323809524,-5.76863566666667,-7.07187857142858,45.5276023809524,44.4508571428571,-0.964607904761905,-1.54339666666667,-16.715748452381,-15.0955073809524,-4.12862230952381,-5.12131188095238,3.57482370952381,1.33454288095238,12.9924645238095,14.9368145238095,-48.8625523809524,-49.6851476190476,7.93581280952381,6.61906516666667,11.4496614285714,9.10507121428572
69,10.0139518809524,10.4137416190476,-3.39867687619048,-2.8622470952381,-2.44077680952381,-2.7776051047619,10.515455897619,10.6595743095238,-5.71684769047619,-5.40058423809524,-5.54763522619048,-6.80567357142857,48.3354642857143,47.16165,-0.969176880952381,-1.59583018809524,-16.7862286190476,-15.198735952381,-3.95755504761905,-4.67226397619048,3.20661464285714,1.04073359047619,12.1801005952381,14.0610064285714,-49.8813952380952,-50.3550333333333,7.70891023333333,6.31663266666667,12.3479437142857,10.000962
70,9.94015338095238,10.342479047619,-3.36608878809524,-2.81302721428571,-2.6223940952381,-2.93473885952381,12.2147325952381,12.3114298690476,-5.78895498333333,-5.42106521428571,-5.33149542857143,-6.5380064047619,50.7612428571429,49.4795095238095,-0.964869119047619,-1.60678952380952,-17.0166147380952,-15.453555952381,-3.43133088095238,-3.87423713809524,2.99157672380952,0.910005690476191,11.4040308333333,13.2270442857143,-50.1482714285714,-50.2736619047619,7.45786488095238,6.00901276190476,13.3655361666667,11.0131198571429
71,9.86531614285714,10.2682440952381,-3.28761015238095,-2.71331383809524,-2.77802366666667,-3.07011238809524,13.8646581904762,13.9099658095238,-5.76249661904762,-5.34125073809524,-5.10834933333333,-6.26600171428571,52.7512761904762,51.3595738095238,-0.928379833333333,-1.57112652380952,-17.3998336190476,-15.8636676190476,-2.64367706904762,-2.83200852380952,2.87555275476191,0.873184285714286,10.735923,12.5249669285714,-49.7455404761905,-49.5372761904762,7.16489316666667,5.66848176190476,14.4105018095238,12.0473178571429
72,9.79490138095238,10.193799452381,-3.15888011904762,-2.56326384047619,-2.90752869047619,-3.18477411904762,15.4596307142857,15.4459604761905,-5.64093983333333,-5.16732528571429,-4.86978765,-5.98798395952381,54.2875880952381,52.7822476190476,-0.843030571428572,-1.48658123809524,-17.8804839285714,-16.3791576190476,-1.67663966666667,-1.64291478571429,2.82443223333333,0.885825642857143,10.1975814761905,11.9829183333333,-48.756269047619,-48.2477833333333,6.8283035952381,5.28549283333333,15.4005483333333,13.0179206190476
73,9.73407614285714,10.1223776190476,-2.98271719285714,-2.36957785,-3.01234257142857,-3.27969519047619,16.99357,16.913694047619,-5.4336365952381,-4.91251231428571,-4.61138380952381,-5.70220321428571,55.3649142857143,53.7474404761905,-0.701255657142857,-1.35223652380952,-18.3959455714286,-16.9313714285714,-0.599769809523809,-0.391896857142857,2.81988538095238,0.926014461904762,9.7811540952381,11.5864407142857,-47.2571023809524,-46.5027547619048,6.45760464285714,4.8655830952381,16.2763154761905,13.86378305
74,9.68764466666667,10.0578030238095,-2.76745009857143,-2.14281810238095,-3.09478027976191,-3.35545157142857,18.4634140476191,18.3100811904762,-5.15434023809524,-4.59430152619048,-4.32956242857143,-5.40648476190476,55.9896714285714,54.2665404761905,-0.500795397619048,-1.16897698142857,-18.8972287142857,-17.4678626190476,0.522707023809524,0.851301588095238,2.85374645238095,0.994300047619047,9.46504130952381,11.3060780952381,-45.3228714285714,-44.3868,6.06999254761905,4.43160842857143,17.0037809523809,14.5552158952381
75,9.65903357142857,10.0040842857143,-2.5242841952381,-1.89553712857143,-3.15789630952381,-3.413389,19.8678930952381,19.6350442857143,-4.81853104761905,-4.23183485714286,-4.0224280547619,-5.10104416666667,56.1743714285714,54.3572238095238,-0.2448765,-0.942626630952381,-19.35974,-17.9626669047619,1.63036441666667,2.03189707142857,2.93044085714286,1.10321547619048,9.22686861904762,11.1120666666667,-43.024219047619,-41.9686214285714,5.69205083333333,4.01620480714286,17.5753885714286,15.0926905
76,9.65018404761905,9.96477488095238,-2.26435630952381,-1.6394486,-3.20457319047619,-3.45581451428571,21.2049716666667,20.8903804761905,-4.44494653809524,-3.84279826190476,-3.69682516666667,-4.79140628571429,55.9401142857143,54.0406238095238,0.0532545785714286,-0.684498842857143,-19.7751304761905,-18.4093057142857,2.67340153571429,3.10676595880952,3.06261488571429,1.26409114285714,9.04396026190476,10.9739371190476,-40.4224666666667,-39.3050595238095,5.35439461904762,3.65107125190476,18.0088545238095,15.502917547619
77,9.66203069047619,9.94336359523809,-1.99713289523809,-1.38372595714286,-3.23711623809524,-3.48535981904762,22.4742683333333,22.0779566666667,-4.04833286904762,-3.44204807142857,-3.35842492857143,-4.48065776190476,55.3081547619048,53.3393452380952,0.381322880952381,-0.403224035714285,-20.151530952381,-18.8146133333333,3.61829095238095,4.04847061190476,3.25811047619048,1.478559,8.89181026190476,10.8581097857143,-37.5705190476191,-36.4423833333333,5.07900430952381,3.35653216666667,18.3391088095238,15.8295281428571
78,9.69412688095238,9.94326773809524,-1.73160876428571,-1.13528476904762,-3.25822753809524,-3.50430976190476,23.6739502380952,23.1993619047619,-3.64374228571429,-3.04244119047619,-3.01558628571429,-4.16963961904762,54.3025642857143,52.2771738095238,0.724341452380952,-0.104648523809524,-20.499464047619,-19.1908095238095,4.44860380952381,4.849013,3.51108433333333,1.73093051190476,8.74490238095238,10.7353176190476,-34.5145547619048,-33.4200095238095,4.87209865714286,3.12977097857143,18.6070785714286,16.1159038095238
79,9.74522692857143,9.96630954761905,-1.47563254761905,-0.898084685714285,-3.27025291428571,-3.51441346666667,24.8011176190476,24.2536666666667,-3.24464899285714,-2.65349003809524,-2.6792305547619,-3.86064802380952,52.9484714285714,50.8785238095238,1.06549881666667,0.2045265,-20.8249523809524,-19.5476916666667,5.16020674523809,5.51408498333333,3.80487871428571,1.99105075,8.58171404761905,10.5869535714286,-31.2954761904762,-30.2748404761905,4.72658467380953,2.9466129047619,18.8481447619048,16.3919728571429
80,9.81312538095238,10.0114239285714,-1.23450321428571,-0.673350516666667,-3.27419491666667,-3.51699175238095,25.8495245238095,25.2354261904762,-2.86106228571429,-2.28091975952381,-2.35713845238095,-3.55935526190476,51.2698928571429,49.1666642857143,1.39077161904762,0.51452230952381,-21.1314269047619,-19.8889080952381,5.75339457142857,6.04967861904762,4.12092904761905,2.22558464285714,8.39335833333333,10.4066154761905,-27.9498642857143,-27.0449580952381,4.62883984761905,2.77718192857143,19.0807128571429,16.6702957142857
81,9.89471104761905,10.0751337142857,-1.01139077142857,-0.461576088095238,-3.27014174095238,-3.51259257380952,26.810380952381,26.1364023809524,-2.49979514285714,-1.92867873809524,-2.05465088095238,-3.27790703333333,49.2892238095238,47.1641761904762,1.68831442857143,0.810866369047619,-21.4167928571429,-20.2076197619048,6.2244332047619,6.45543710952381,4.43564345238095,2.4113349047619,8.1843584047619,10.2001523809524,-24.5192747619048,-23.7680078571429,4.56052540476191,2.6026299047619,19.3025059523809,16.9456852380952
82,9.98704976190476,10.1531393809524,-0.807928766666667,-0.264123080952381,-3.25798853571429,-3.50118235952381,27.6755571428571,26.9477642857143,-2.16553064285714,-1.60092364285714,-1.77946602380952,-3.0278329047619,47.0284642857143,44.8943142857143,1.94609811904762,1.08034936357143,-21.6729616666667,-20.487849047619,6.56176945238095,6.72560142857143,4.72225142857143,2.5417681,7.97177147619047,9.9830845952381,-21.0548392857143,-20.4777007142857,4.50440421428571,2.4215757452381,19.4948757142857,17.1963369047619
83,10.0883616428571,10.2417087142857,-0.624328964285714,-0.0828512619047619,-3.2374068,-3.48223866904762,28.439019047619,27.6621547619048,-1.86105503095238,-1.30179480952381,-1.54056840476191,-2.81547448809524,44.5099785714286,42.3810333333333,2.15318603333333,1.31448264285714,-21.8889904761905,-20.7071430952381,6.75064369047619,6.85332571428572,4.96578880952381,2.62478809714286,7.78110480952381,9.77469669047619,-17.60425,-17.2021688571429,4.45311023809524,2.24643504285714,19.62955,17.38796
84,10.1978368571429,10.3388533333333,-0.460334641428571,0.0806347619047619,-3.20781080952381,-3.45432089047619,29.097269047619,28.2756523809524,-1.58746092619048,-1.0346907452381,-1.34798607142857,-2.64597214285714,41.7573928571429,39.6489476190476,2.29961545238095,1.50671911904762,-22.0500347619048,-20.8360885714286,6.77885192857143,6.83511071428571,5.16402695238095,2.67275404761905,7.63792669047619,9.59169042857143,-14.2050578809524,-13.9649830833333,4.40836002380952,2.09249496428571,19.6759190476191,17.4805519047619
85,10.3154091571429,10.4437097333333,-0.315443669047619,0.225764061904762,-3.16825873809524,-3.41484101904762,29.6492523809524,28.7873976190476,-1.34473576190476,-0.800865571428571,-1.20999646904762,-2.52679464761905,38.7963833333333,36.7224738095238,2.3792496547619,1.65062660952381,-22.1402295238095,-20.8470957142857,6.6400095,6.67059880952381,5.32178319047619,2.69525535714286,7.56162369047619,9.44916154761905,-10.8858012452381,-10.7867430952381,4.37706407142857,1.97045853095238,19.6082523809524,17.438215952381
86,10.4410687380952,10.5553738095238,-0.188502421428571,0.352614559523809,-3.11674664285714,-3.36115095238095,30.0951380952381,29.198019047619,-1.13195190952381,-0.599248714285714,-1.1333654047619,-2.46549692619048,35.6540095238095,33.62595,2.39081861904762,1.74072858333333,-22.1428538095238,-20.7430530952381,6.33645166666667,6.35955380952381,5.44089578571429,2.70527461904762,7.56143857142857,9.38126385714286,-7.66845407142857,-7.6845596,4.36182327619048,1.88805722142857,19.4088726190476,17.2376973809524
87,10.5742787619048,10.672886,-0.0787265476190477,0.461102619047619,-3.05071575952381,-3.2912215,30.4364714285714,29.5094857142857,-0.947956571428571,-0.427875669047619,-1.12188123809524,-2.46425780952381,32.3595357142857,30.3866580952381,2.33797343095238,1.77875269047619,-22.0437745238095,-20.5111119047619,5.88089966666667,5.90943357142857,5.5229644452381,2.70471758809524,7.63659857142857,9.38629571428571,-4.56656504761905,-4.6744467547619,4.36164888095238,1.84664212380952,19.0708061904762,16.8707204761905
88,10.7132107142857,10.7948797380952,0.0137102238095239,0.551246538095238,-2.96796728571429,-3.20304047619048,30.6755571428571,29.724930952381,-0.792165095238095,-0.284983514285714,-1.17462033333333,-2.5218801452381,28.9465,27.0361971428571,2.22980367619048,1.76930988095238,-21.8376316666667,-20.1754464285714,5.2934570952381,5.32825023809524,5.57717864285714,2.69934528571429,7.78466976190477,9.48564530952381,-1.58596047,-1.77278319047619,4.37993552380952,1.8443875047619,18.5944776190476,16.3421696428571
89,10.8543670238095,10.9184987142857,0.0886557190476191,0.623092688095238,-2.86656549285714,-3.09441685714286,30.8151119047619,29.8475452380952,-0.663589380952381,-0.169670976190476,-1.28649885714286,-2.63237574809524,25.4567785714286,23.6165661904762,2.07861774761905,1.72200632857143,-21.5293023809524,-19.7585030952381,4.60061848571428,4.63399616666667,5.62001226190476,2.69793080476191,8.00336745238095,9.68097697619047,1.26971804761905,1.00526622380952,4.42459304761905,1.88160066666667,17.9860502380952,15.6685336666667
90,10.9928591428571,11.0388173809524,0.146915411904762,0.678135723809524,-2.7439933847619,-2.96244966190476,30.8598714285714,29.8798357142857,-0.560848571428571,-0.0804199642857143,-1.447483,-2.78719040714286,21.951989047619,20.1825273809524,1.89841854761905,1.65010875714286,-21.1331702380952,-19.2854611904762,3.83471330952381,3.85738316666667,5.67527914285714,2.71605227142857,8.28264795238095,9.96000209285714,3.99350623809524,3.64663738095238,4.50882860952381,1.96315347619048,17.2614288095238,14.8780511904762
91,11.1222493571429,11.1491219047619,0.190037928571429,0.719407119047619,-2.59765094761905,-2.80406855238095,30.8134619047619,29.8249428571429,-0.481123095238095,-0.0146896761904762,-1.64520616666667,-2.97489744047619,18.4882478571429,16.8038812619048,1.70117853571429,1.56816878571429,-20.6667297619048,-18.7824126190476,3.03460817285714,3.04274045238095,5.76672635714285,2.77141744761905,8.602968,10.2948258809524,6.56949597619047,6.13684445238095,4.64434031428572,2.09508205238095,16.4486728571429,14.0113557142857
92,11.235539547619,11.2380309523809,0.220586214285714,0.756026976190476,-2.42556222857143,-2.6179605,30.6852904761905,29.6849595238095,-0.422856919047619,0.0359667857142857,-1.86383133095238,-3.19104161904762,15.1626088095238,13.5667383333333,1.50184230952381,1.48907886904762,-20.16178,-18.2669057142857,2.24683847142857,2.24583477380952,5.90886054761905,2.87727152380952,8.94164880952381,10.6454135714286,8.97055116666667,8.45526023809524,4.83342192857143,2.28019296190476,15.5874323809524,13.1194483333333
93,11.3266365238095,11.308999047619,0.242405680952381,0.779719119047619,-2.22712894761905,-2.40362626190476,30.4883571428571,29.4845904761905,-0.382928621428571,0.0620461190476191,-2.08408210952381,-3.39217769047619,12.080495952381,10.5768626190476,1.31676694761905,1.43010567857143,-19.6600330952381,-17.7862019047619,1.5226925047619,1.52659113333333,6.10286902380952,3.0375660952381,9.27365785714286,10.9660228571429,11.1575938571429,10.5714925,5.06927073809524,2.51683495214286,14.7277378571429,12.2593319047619
94,11.3921672380952,11.3544830952381,0.2595382,0.800806976190477,-2.00390848095238,-2.16321619047619,30.2416809523809,29.2375214285714,-0.357153097880953,0.0741263809523809,-2.28247857645238,-3.57367696666667,9.35734759523809,7.94464228571429,1.16360784285714,1.40031883333333,-19.2092938095238,-17.3612678571429,0.91201469047619,0.939198880952381,6.33542108095238,3.24478280238095,9.56821809523809,11.2154845238095,13.0791842857143,12.4429980952381,5.33927757142857,2.79824857619048,13.9280254761905,11.4910819047619
95,11.4321512619048,11.3750530952381,0.274673671428571,0.822493119047619,-1.75922318571429,-1.90019452380952,29.9686285714286,28.9674119047619,-0.340865568809524,0.0786715238095238,-2.43669071904762,-3.71848192380952,7.1075285,5.78313013095238,1.05744811904762,1.40398404761905,-18.85675,-17.0338016666667,0.456462547619048,0.524183942857143,6.58268384761905,3.4865190952381,9.79446666666667,11.3712798095238,14.6752854761905,14.0159807142857,5.6283100952381,3.11571435714286,13.2475616666667,10.8691030952381
96,11.4496695714286,11.3734154761905,0.289250095238095,0.84671519047619,-1.49680788333333,-1.61929902380952,29.6922642857143,28.6968595238095,-0.327784076190476,0.0852768809523809,-2.53391290952381,-3.81677521428572,5.43098547619048,4.19317747142857,1.00417233333333,1.43381121428571,-18.6356778571429,-16.8345356666667,0.18322924047619,0.299901714285714,6.82066138333333,3.74789414285714,9.93173214285714,11.4337203571429,15.8850738095238,15.2245957142857,5.9233260952381,3.45799807142857,12.7302735952381,10.4218108333333
97,11.4495022619048,11.3472502380952,0.304425947619048,0.881030035714286,-1.21985883571429,-1.32659083333333,29.4281857142857,28.4319285714286,-0.308441880952381,0.11272690952381,-2.57768779630952,-3.88465716666667,4.3967689,3.2394319047619,0.994824335714286,1.47102711904762,-18.5410373809524,-16.7407878809524,0.0957131976190475,0.257561428571428,7.02915784761905,3.99918461190476,9.97547452380952,11.4189108666667,16.6483176190476,15.9928071428571,6.21228118809524,3.79880828571429,12.3808144047619,10.1295853809524
98,11.4360309523809,11.3085488095238,0.321927233333333,0.913673214285714,-0.929497571428571,-1.02310303095238,29.1765642857143,28.17795,-0.271329073809524,0.159042492857143,-2.58647107142857,-3.9108635,4.01730478571429,2.92856133095238,1.00739420714286,1.49730964285714,-18.5191761904762,-16.7162985714286,0.156359452380952,0.354889333333333,7.17513983333333,4.18475624047619,9.94307071428571,11.3525033571429,16.8969052380952,16.2424783333333,6.47156383333333,4.09026626190476,12.145879047619,9.92228359285714
99,11.4121727142857,11.2539707142857,0.345164714285714,0.951909102380952,-0.623839026190476,-0.70921945952381,28.9121214285714,27.9011333333333,-0.205453404761905,0.239046714285714,-2.58754236904762,-3.93350997619047,4.20993886904762,3.16817333333333,1.01522183595238,1.49430207142857,-18.5023047619048,-16.6863321428571,0.26494830952381,0.486889738095238,7.18835995238095,4.23410128095238,9.87541071428571,11.2757434047619,16.5528204761905,15.90093,6.65181419047619,4.28476397619048,11.9272988095238,9.7092895
100,11.3809825238095,11.1867833333333,0.381880567857143,0.999782833333334,-0.301282904761905,-0.383775911666667,28.5955880952381,27.5595642857143,-0.10261619047619,0.356499571428571,-2.59097807142857,-3.96233092857143,4.77086933333333,3.74870640476191,0.99969595952381,1.45616604761905,-18.4663116666667,-16.6501178571429,0.2204545,0.434072666666667,6.96652719047619,4.07476055238095,9.81676119047619,11.2342580952381,15.535989047619,14.8956404761905,6.6959405,4.36325678571429,11.6465773809524,9.43849404761905
